date,power_price_eur_mwh,gas_price_eur_mwh,carbon_price_eur_t,fuel_cost_eur_mwh,carbon_cost_eur_mwh,css
2022-01-03,76.11,80.43399810791016,84.01,160.8679962158203,16.802000000000003,-101.55999621582032
2022-01-04,153.92,88.740997314453125,84.91,177.48199462890625,16.982,-40.54399462890626
2022-01-05,107.87,91.522003173828125,87.58,183.04400634765625,17.516000000000002,-92.69000634765625
2022-01-06,194.1,96.50199890136719,86.74,193.00399780273438,17.348,-16.25199780273438
2022-01-07,167.18,88.17400360107422,85.42,176.34800720214844,17.084,-26.25200720214843
2022-01-10,261.55,84.60700225830078,80.09,169.21400451660156,16.018,76.31799548339845
2022-01-11,255.41,78.73600006103516,81.3,157.4720001220703,16.26,81.67799987792968
2022-01-12,233.32,75.15299987792969,80.01,150.30599975585938,16.002000000000002,67.01200024414061
2022-01-13,180.16,85.45999908447266,80.56,170.9199981689453,16.112000000000002,-6.871998168945318
2022-01-14,178.76,86.970001220703125,82.08,173.94000244140625,16.416,-11.59600244140626
2022-01-18,235.87,78.33399963378906,82.67,156.66799926757813,16.534000000000002,62.66800073242187
2022-01-19,172.18,75.60199737548828,82.09,151.20399475097656,16.418000000000003,4.5580052490234415
2022-01-20,117.7,75.2030029296875,85.59,150.406005859375,17.118000000000002,-49.824005859375
2022-01-21,159.27,78.9800033569336,84.47,157.9600067138672,16.894000000000002,-15.58400671386718
2022-01-24,245.94,93,84.02,186,16.804,43.135999999999996
2022-01-25,297.29,93.582000732421875,87.45,187.16400146484375,17.490000000000002,92.63599853515626
2022-01-26,234.98,91.83699798583984,88.66,183.6739959716797,17.732,33.5740040283203
2022-01-27,120.71,92.3010025024414,89.76,184.6020050048828,17.952,-81.84400500488282
2022-01-28,174.35,92.06199645996094,89.22,184.12399291992188,17.844,-27.617992919921882
2022-01-31,195.2,84.6719970703125,89.24,169.343994140625,17.848,8.00800585937499
2022-02-01,150.25,76.16699981689453,89.52,152.33399963378906,17.904,-19.987999633789062
2022-02-02,140.22,77.35099792480469,94.21,154.70199584960938,18.842,-33.323995849609375
2022-02-03,193.56,80.2229995727539,94.81,160.4459991455078,18.962,14.15200085449219
2022-02-04,132.37,82.6520004272461,96.45,165.3040008544922,19.290000000000003,-52.22400085449219
2022-02-07,84.68,79.595001220703125,96.7,159.19000244140625,19.340000000000003,-93.85000244140625
2022-02-08,137.81,77.30000305175781,96.93,154.60000610351563,19.386000000000003,-36.176006103515626
2022-02-09,165.89,74.41699981689453,90.79,148.83399963378906,18.158,-1.1019996337890774
2022-02-10,192.82,74.352996826171875,90.78,148.70599365234375,18.156000000000002,25.95800634765624
2022-02-11,184.58,77.4260025024414,92.87,154.8520050048828,18.574,11.153994995117198
2022-02-14,102.22,80.77100372314453,91.76,161.54200744628906,18.352,-77.67400744628907
2022-02-15,155,70.91899871826172,91.14,141.83799743652344,18.228,-5.065997436523439
2022-02-16,117.38,69.79499816894531,89.86,139.58999633789063,17.972,-40.18199633789063
2022-02-17,68.64,74.91400146484375,86.44,149.8280029296875,17.288,-98.4760029296875
2022-02-18,117.63,73.76200103759766,89.47,147.5240020751953,17.894000000000002,-47.78800207519532
2022-02-22,123.24,79.78900146484375,89.77,159.5780029296875,17.954,-54.292002929687506
2022-02-23,130.09,88.89099884033203,95.07,177.78199768066406,19.014,-66.70599768066405
2022-02-24,123.39,134.3159942626953,87.03,268.6319885253906,17.406000000000002,-162.64798852539064
2022-02-25,119.96,94.4219970703125,88.14,188.843994140625,17.628,-86.511994140625
2022-02-28,208.3,98.595001220703125,82.21,197.19000244140625,16.442,-5.332002441406239
2022-03-01,241.4,121.67400360107422,68.85,243.34800720214844,13.77,-15.718007202148431
2022-03-02,278.78,165.54299926757813,68.49,331.08599853515625,13.698,-66.00399853515628
2022-03-03,338.2,160.822998046875,67.35,321.64599609375,13.469999999999999,3.0840039062499898
2022-03-04,358.78,192.5500030517578,65.1,385.1000061035156,13.02,-39.34000610351565
2022-03-07,410.1,227.2010040283203,58.3,454.4020080566406,11.66,-55.9620080566406
2022-03-08,487.57,214.5540008544922,68.51,429.1080017089844,13.702000000000002,44.75999829101562
2022-03-09,446.25,155.8800048828125,73.18,311.760009765625,14.636000000000003,119.853990234375
2022-03-10,279.15,126.39900207519531,76.41,252.79800415039063,15.282,11.069995849609352
2022-03-11,80.44,131.22900390625,76.76,262.4580078125,15.352000000000002,-197.3700078125
2022-03-14,281.44,114.52200317382813,78.28,229.04400634765625,15.656,36.73999365234375
2022-03-15,300.54,115.43900299072266,77.43,230.8780059814453,15.486000000000002,54.175994018554704
2022-03-16,245.3,102.62300109863281,78.16,205.24600219726563,15.632,24.42199780273439
2022-03-17,225.41,105.08799743652344,79.89,210.17599487304688,15.978000000000002,-0.74399487304688
2022-03-18,228.9,105.04399871826172,78.89,210.08799743652344,15.778,3.0340025634765677
2022-03-21,205.75,96.302001953125,78.39,192.60400390625,15.678,-2.532003906250001
2022-03-22,236.49,98.74700164794922,80.67,197.49400329589844,16.134,22.86199670410157
2022-03-23,236.53,117.0009994506836,76.6,234.0019989013672,15.32,-12.791998901367187
2022-03-24,238,111.60800170898438,78.24,223.21600341796875,15.648,-0.8640034179687497
2022-03-25,244.38,101.26899719238281,78.6,202.53799438476563,15.719999999999999,26.12200561523437
2022-03-28,221.57,102.54499816894531,80.81,205.08999633789063,16.162000000000003,0.3180036621093656
2022-03-29,250.18,108.38099670410156,81.7,216.76199340820313,16.34,17.078006591796882
2022-03-30,271.03,118.97000122070313,78.31,237.94000244140625,15.662,17.427997558593724
2022-03-31,209.19,125.90599822998047,76.48,251.81199645996094,15.296000000000001,-57.91799645996094
2022-04-01,160.13,112.1500015258789,78.49,224.3000030517578,15.698,-79.86800305175782
2022-04-04,75.33,109.52300262451172,78.5,219.04600524902344,15.700000000000001,-159.41600524902344
2022-04-05,183.02,108.56400299072266,78.05,217.1280059814453,15.61,-49.7180059814453
2022-04-06,121.33,106.79100036621094,77.18,213.58200073242188,15.436000000000002,-107.68800073242188
2022-04-07,74.15,104.56400299072266,79.94,209.1280059814453,15.988,-150.9660059814453
2022-04-08,120.87,103.88200378417969,80.09,207.76400756835938,16.018,-102.91200756835937
2022-04-11,223.62,100.13700103759766,77.95,200.2740020751953,15.590000000000002,7.75599792480469
2022-04-12,184.59,102.21900177001953,79.01,204.43800354003906,15.802000000000001,-35.65000354003906
2022-04-13,222.52,105.3239974975586,77.44,210.6479949951172,15.488,-3.615994995117177
2022-04-14,227.71,95.62000274658203,79.97,191.24000549316406,15.994,20.475994506835946
2022-04-19,213,93.76799774169922,80.2,187.53599548339844,16.040000000000003,9.42400451660156
2022-04-20,203.25,94.23100280761719,87.82,188.46200561523438,17.564,-2.776005615234375
2022-04-21,199.5,100.06099700927734,86.44,200.1219940185547,17.288,-17.909994018554688
2022-04-22,172.49,94.875,88.99,189.75,17.798,-35.05799999999999
2022-04-25,223.46,92.83699798583984,83.46,185.6739959716797,16.692,21.09400402832032
2022-04-26,238.47,103.20800018310547,82.71,206.41600036621094,16.541999999999998,15.511999633789063
2022-04-27,222.21,107.427001953125,81.01,214.85400390625,16.202,-8.846003906249994
2022-04-28,230.15,100.14199829101563,82.68,200.28399658203125,16.536,13.330003417968754
2022-04-29,228.02,99.44999694824219,84.45,198.89999389648438,16.89,12.230006103515635
2022-05-02,219.02,97.0510025024414,83.04,194.1020050048828,16.608,8.309994995117197
2022-05-03,218.16,99.4260025024414,88.19,198.8520050048828,17.638,1.6699949951171824
2022-05-04,231.29,103.82099914550781,88.31,207.64199829101563,17.662000000000003,5.9860017089843645
2022-05-05,234.49,106.50800323486328,88.91,213.01600646972656,17.782,3.6919935302734466
2022-05-06,225.36,101.70800018310547,91.54,203.41600036621094,18.308000000000003,3.6359996337890728
2022-05-09,216.81,93.78700256347656,87.02,187.57400512695313,17.404,11.831994873046877
2022-05-10,183.32,98.8010025024414,87.34,197.6020050048828,17.468,-31.75000500488282
2022-05-11,159.09,94.01200103759766,88.83,188.0240020751953,17.766000000000002,-46.700002075195314
2022-05-12,169.12,106.70099639892578,88.26,213.40199279785156,17.652,-61.93399279785156
2022-05-13,168.79,96.88099670410156,88.48,193.76199340820313,17.696,-42.66799340820313
2022-05-16,211.58,92.86000061035156,89.56,185.72000122070313,17.912000000000003,7.947998779296885
2022-05-17,225.75,94.17500305175781,91.72,188.35000610351563,18.344,19.055993896484374
2022-05-18,206.97,94.53800201416016,84.64,189.0760040283203,16.928,0.9659959716796855
2022-05-19,210.81,91.02400207519531,83.18,182.04800415039063,16.636000000000003,12.125995849609374
2022-05-20,209.23,87.9020004272461,80.39,175.8040008544922,16.078,17.347999145507803
2022-05-23,188.14,83.28800201416016,78.15,166.5760040283203,15.630000000000003,5.933995971679671
2022-05-24,162.94,84.50700378417969,81.32,169.01400756835938,16.264,-22.338007568359377
2022-05-25,177.5,88.0780029296875,81.4,176.156005859375,16.28,-14.936005859375001
2022-05-26,67.93,85.97100067138672,84.76,171.94200134277344,16.952,-120.96400134277343
2022-05-27,46.77,86.875,84.2,173.75,16.84,-143.82
2022-05-31,210.17,94.003997802734375,84.02,188.00799560546875,16.804,5.358004394531239
2022-06-01,215.29,85.5510025024414,86.08,171.1020050048828,17.216,26.97199499511718
2022-06-02,188.87,83.94499969482422,86.34,167.88999938964844,17.268,3.7120006103515664
2022-06-03,184.55,83.10099792480469,86.87,166.20199584960938,17.374000000000002,0.974004150390634
2022-06-06,91.33,82.55799865722656,81.43,165.11599731445313,16.286,-90.07199731445313
2022-06-07,183.88,79.608001708984375,81.31,159.21600341796875,16.262,8.401996582031245
2022-06-08,190.35,79.40699768066406,79.81,158.81399536132813,15.962000000000002,15.574004638671868
2022-06-09,185.49,84.87999725341797,81.01,169.75999450683594,16.202,-0.47199450683593014
2022-06-10,185.75,82.46399688720703,81.86,164.92799377441406,16.372,4.450006225585938
2022-06-13,165.56,83.4020004272461,81.54,166.8040008544922,16.308000000000003,-17.55200085449219
2022-06-14,194.98,97.04000091552734,84.15,194.0800018310547,16.830000000000002,-15.9300018310547
2022-06-15,211.83,120.33200073242188,86.2,240.66400146484375,17.240000000000002,-46.07400146484374
2022-06-16,201.97,124.36399841308594,83,248.72799682617188,16.6,-63.35799682617188
2022-06-17,255.43,117.73799896240234,82.37,235.4759979248047,16.474,3.480002075195319
2022-06-21,288.59,125.55999755859375,84.73,251.1199951171875,16.946,20.524004882812473
2022-06-22,323.34,127.1709976196289,81.88,254.3419952392578,16.376,52.62200476074216
2022-06-23,295.08,133.3470001220703,84.13,266.6940002441406,16.826,11.559999755859359
2022-06-24,274.3,128.5050048828125,83.43,257.010009765625,16.686000000000003,0.6039902343750079
2022-06-27,316.65,129.45899963378906,85.05,258.9179992675781,17.01,40.72200073242185
2022-06-28,331.52,129.17599487304688,87.4,258.35198974609375,17.48,55.68801025390623
2022-06-29,315.54,139.58799743652344,88.35,279.1759948730469,17.669999999999998,18.694005126953147
2022-06-30,325.48,144.51400756835938,90.16,289.02801513671875,18.032,18.419984863281268
2022-07-01,314.38,147.78399658203125,85.58,295.5679931640625,17.116,1.6960068359374958
2022-07-05,318.37,165.072998046875,83.19,330.14599609375,16.638,-28.413996093749997
2022-07-06,303.54,170.99899291992188,83.22,341.99798583984375,16.644000000000002,-55.101985839843735
2022-07-07,213.22,183.18299865722656,84.92,366.3659973144531,16.984,-170.12999731445314
2022-07-08,295.92,175.21200561523438,82.79,350.42401123046875,16.558000000000003,-71.06201123046874
2022-07-11,372.59,164.52000427246094,84.36,329.0400085449219,16.872,26.6779914550781
2022-07-12,377.66,172.60899353027344,85.65,345.2179870605469,17.130000000000003,15.312012939453147
2022-07-13,352.16,180.5050048828125,83.86,361.010009765625,16.772000000000002,-25.622009765624977
2022-07-14,367.38,175.0330047607422,83.97,350.0660095214844,16.794,0.51999047851562
2022-07-15,329.92,159.56700134277344,85.38,319.1340026855469,17.076,-6.29000268554686
2022-07-18,396.07,157.25799560546875,84.94,314.5159912109375,16.988,64.5660087890625
2022-07-19,397.09,154.45700073242188,83.65,308.91400146484375,16.73,71.44599853515622
2022-07-20,332.7,155.03799438476563,78.84,310.07598876953125,15.768,6.856011230468738
2022-07-21,396.73,155.60000610351563,78.11,311.20001220703125,15.622,69.90798779296877
2022-07-22,377.45,159.86399841308594,76.3,319.7279968261719,15.26,42.462003173828116
2022-07-25,309.81,176.61599731445313,76.37,353.23199462890625,15.274000000000001,-58.69599462890625
2022-07-26,316.57,199.91799926757813,76.68,399.83599853515625,15.336000000000002,-98.60199853515626
2022-07-27,424.49,205.22500610351563,76.14,410.45001220703125,15.228000000000002,-1.1880122070312424
2022-07-28,473.25,198.92999267578125,78.96,397.8599853515625,15.792,59.5980146484375
2022-07-29,438.65,190.9149932861328,78.55,381.8299865722656,15.71,41.11001342773435
2022-08-01,424.62,200.79400634765625,80.58,401.5880126953125,16.116,6.915987304687505
2022-08-02,380.51,205.1739959716797,81.95,410.3479919433594,16.39,-46.227991943359385
2022-08-03,384.83,199.19500732421875,83.99,398.3900146484375,16.798,-30.358014648437514
2022-08-04,414.16,199.2480010986328,84.19,398.4960021972656,16.838,-1.174002197265601
2022-08-05,380.31,196.32000732421875,84.76,392.6400146484375,16.952,-29.2820146484375
2022-08-08,359.55,193.05499267578125,83.81,386.1099853515625,16.762,-43.32198535156249
2022-08-09,344.87,192.1840057373047,85.93,384.3680114746094,17.186000000000003,-56.68401147460938
2022-08-10,335.08,205.36700439453125,85.92,410.7340087890625,17.184,-92.83800878906251
2022-08-11,368.15,208.11000061035156,87.55,416.2200012207031,17.51,-65.58000122070315
2022-08-12,436.8,206.10800170898438,88.87,412.21600341796875,17.774,6.8099965820312605
2022-08-15,426.6,220.11000061035156,90.78,440.2200012207031,18.156000000000002,-31.776001220703105
2022-08-16,490.79,225.91400146484375,92.08,451.8280029296875,18.416,20.54599707031252
2022-08-17,551.95,225.8350067138672,95.8,451.6700134277344,19.16,81.11998657226567
2022-08-18,563.76,241.00399780273438,96.04,482.00799560546875,19.208000000000002,62.54400439453124
2022-08-19,515.1,244.5500030517578,98.01,489.1000061035156,19.602000000000004,6.397993896484394
2022-08-22,563.81,276.74798583984375,92.17,553.4959716796875,18.434,-8.119971679687556
2022-08-23,605.13,269.04901123046875,89.29,538.0980224609375,17.858,49.17397753906249
2022-08-24,624.34,292.1499938964844,89.24,584.29998779296875,17.848,22.192012207031283
2022-08-25,599.83,321.41400146484375,89.31,642.8280029296875,17.862000000000002,-60.86000292968746
2022-08-26,699.44,339.1960144042969,90.31,678.39202880859375,18.062,2.9859711914063034
2022-08-29,658.41,272.6029968261719,86.66,545.20599365234375,17.332,95.87200634765622
2022-08-30,660.24,252.93699645996094,80.81,505.8739929199219,16.162000000000003,138.20400708007813
2022-08-31,604.49,239.90699768066406,80.03,479.8139953613281,16.006,108.67000463867188
2022-09-01,571.2,243.00399780273438,80.79,486.00799560546875,16.158,69.0340043945313
2022-09-02,422.25,214.6649932861328,77.89,429.3299865722656,15.578000000000001,-22.657986572265628
2022-09-06,417.27,239.8419952392578,69.88,479.6839904785156,13.975999999999999,-76.38999047851564
2022-09-07,462.47,213.88299560546875,69.03,427.7659912109375,13.806000000000001,20.898008789062526
2022-09-08,443.52,220.54100036621094,67.24,441.0820007324219,13.448,-11.010000732421894
2022-09-09,345.7,207.09100341796875,66.08,414.1820068359375,13.216000000000001,-81.69800683593752
2022-09-12,408.03,190.58799743652344,71.82,381.1759948730469,14.363999999999999,12.490005126953099
2022-09-13,392.37,198.61199951171875,69.75,397.2239990234375,13.950000000000001,-18.8039990234375
2022-09-14,455.81,217.8820037841797,72.54,435.7640075683594,14.508000000000003,5.537992431640625
2022-09-15,369.37,214.2830047607422,71.85,428.5660095214844,14.37,-73.566009521484375
2022-09-16,201.2,187.79299926757813,73.27,375.58599853515625,14.654,-189.03999853515626
2022-09-19,261.68,182.26199340820313,71.1,364.52398681640625,14.219999999999999,-117.06398681640624
2022-09-20,363.42,194.25900268554688,71.14,388.51800537109375,14.228000000000002,-39.326005371093736
2022-09-21,379.94,189.781005859375,69.79,379.56201171875,13.958000000000002,-13.580011718750004
2022-09-22,387.89,187.46800231933594,70.44,374.9360046386719,14.088000000000001,-1.1340046386718896
2022-09-23,368.33,185.4949951171875,65.77,370.989990234375,13.154,-15.813990234375016
2022-09-26,245.93,173.83399963378906,70.33,347.6679992675781,14.066,-115.80399926757812
2022-09-27,310.21,186.0989990234375,67.96,372.197998046875,13.591999999999999,-75.57999804687502
2022-09-28,386.2,207.18699645996094,65.15,414.3739929199219,13.030000000000001,-41.20399291992189
2022-09-29,417.14,187.6649932861328,65.73,375.3299865722656,13.146,28.66401342773436
2022-09-30,315.49,188.8000030517578,66.73,377.6000061035156,13.346000000000002,-75.45600610351562
2022-10-03,209.35,169.91200256347656,65.94,339.8240051269531,13.188,-143.66200512695312
2022-10-04,246.31,161.9499969482422,66.92,323.8999938964844,13.384,-90.97399389648437
2022-10-05,103.19,173.6929931640625,67.07,347.385986328125,13.414,-257.609986328125
2022-10-06,100.8,175.71200561523438,68.96,351.42401123046875,13.792,-264.4160112304687
2022-10-07,163.89,156.20700073242188,69.85,312.41400146484375,13.969999999999999,-162.49400146484376
2022-10-10,162.09,154.1179962158203,66.77,308.2359924316406,13.354,-159.49999243164064
2022-10-11,259.87,156.781005859375,66.34,313.56201171875,13.268,-66.96001171875
2022-10-12,282.54,160.19000244140625,66.71,320.3800048828125,13.341999999999999,-51.18200488281248
2022-10-13,257.46,153.8090057373047,68.84,307.6180114746094,13.768,-63.926011474609396
2022-10-14,260.65,141.9969940185547,68.02,283.9939880371094,13.604,-36.9479880371094
2022-10-17,152.61,127.97799682617188,67.51,255.95599365234375,13.502000000000002,-116.84799365234375
2022-10-18,183.18,113.22200012207031,67.77,226.44400024414063,13.554,-56.81800024414062
2022-10-19,168.45,112.51000213623047,67.29,225.02000427246094,13.458000000000002,-70.02800427246095
2022-10-20,140.22,127.14700317382813,66.87,254.29400634765625,13.374000000000002,-127.44800634765625
2022-10-21,163.45,113.57599639892578,68.72,227.15199279785156,13.744,-77.44599279785157
2022-10-24,80.62,99.16999816894531,72.32,198.33999633789063,14.463999999999999,-132.18399633789062
2022-10-25,105.4,99.79399871826172,77.11,199.58799743652344,15.422,-109.60999743652343
2022-10-26,121.4,104.31999969482422,75.79,208.63999938964844,15.158000000000001,-102.39799938964843
2022-10-27,124.69,107.38400268554688,80.21,214.76800537109375,16.041999999999998,-106.12000537109375
2022-10-28,105.52,112.24400329589844,81.21,224.48800659179688,16.242,-135.21000659179688
2022-10-31,145.22,123.35199737548828,79.97,246.70399475097656,15.994,-117.47799475097656
2022-11-01,68.85,116.19300079345703,76.72,232.38600158691406,15.344000000000001,-178.88000158691406
2022-11-02,71.97,125.86299896240234,76.7,251.7259979248047,15.340000000000002,-195.0959979248047
2022-11-03,103.01,125.44499969482422,76.28,250.88999938964844,15.256,-163.13599938964845
2022-11-04,178.54,114.78600311279297,76.36,229.57200622558594,15.272,-66.30400622558595
2022-11-07,76.1,109.68299865722656,77.49,219.36599731445313,15.498,-158.76399731445312
2022-11-08,95.15,118.14700317382813,76.06,236.29400634765625,15.212000000000002,-156.35600634765623
2022-11-09,126.72,113.14399719238281,72.76,226.28799438476563,14.552000000000001,-114.11999438476563
2022-11-10,137.25,113.4520034790039,73.05,226.9040069580078,14.61,-104.26400695800781
2022-11-11,125.38,97.852996826171875,75.84,195.70599365234375,15.168000000000001,-85.49399365234376
2022-11-14,160.8,113.7040023803711,75.23,227.4080047607422,15.046000000000001,-81.65400476074218
2022-11-15,177.29,124.10399627685547,76.65,248.20799255371094,15.330000000000002,-86.24799255371094
2022-11-16,143.76,113.9000015258789,73.41,227.8000030517578,14.682,-98.72200305175782
2022-11-17,99.9,112.55599975585938,72.4,225.11199951171875,14.480000000000002,-139.69199951171873
2022-11-18,171.03,115.50900268554688,72.47,231.01800537109375,14.494,-74.48200537109375
2022-11-21,253.82,116.12799835205078,74.28,232.25599670410156,14.856000000000002,6.708003295898429
2022-11-22,203.88,119.63899993896484,73.87,239.2779998779297,14.774000000000001,-50.17199987792969
2022-11-23,177.98,129.6199951171875,75.87,259.239990234375,15.174000000000001,-96.43399023437502
2022-11-25,257.93,124.37000274658203,78.97,248.74000549316406,15.794,-6.604005493164056
2022-11-28,291.64,123.28199768066406,78.59,246.56399536132813,15.718000000000002,29.358004638671858
2022-11-29,371.64,132.28599548339844,81.39,264.5719909667969,16.278000000000002,90.7900090332031
2022-11-30,393.7,146.39700317382813,84.9,292.79400634765625,16.98,83.92599365234373
2022-12-01,394.36,139.25799560546875,84.88,278.5159912109375,16.976,98.86800878906251
2022-12-02,339.2,135.56199645996094,87.98,271.1239929199219,17.596,50.48000708007811
2022-12-05,341.26,134.69900512695313,87.17,269.39801025390625,17.434,54.42798974609374
2022-12-06,386.44,138.48800659179688,88.61,276.97601318359375,17.722,91.74198681640624
2022-12-07,324.83,149.2449951171875,88.19,298.489990234375,17.638,8.702009765624982
2022-12-08,387.53,138.89300537109375,88.93,277.7860107421875,17.786,91.95798925781247
2022-12-09,411.04,139.11300659179688,87.73,278.22601318359375,17.546000000000003,115.26798681640626
2022-12-12,433.93,136.58999633789063,89.81,273.17999267578125,17.962,142.78800732421877
2022-12-13,444.48,137.5290069580078,88.99,275.0580139160156,17.798,151.6239860839844
2022-12-14,443.88,131.51100158691406,86.19,263.0220031738281,17.238,163.61999682617187
2022-12-15,396.96,134.76699829101563,85.2,269.53399658203125,17.040000000000003,110.38600341796872
2022-12-16,411.31,115.45099639892578,83.68,230.90199279785156,16.736,163.67200720214845
2022-12-19,191.93,108.54299926757813,84.69,217.08599853515625,16.938,-42.093998535156246
2022-12-20,185.82,105.68800354003906,86.87,211.37600708007813,17.374000000000002,-42.930007080078134
2022-12-21,214.6,97.75199890136719,85.6,195.50399780273438,17.12,1.9760021972656183
2022-12-22,192.64,91.93800354003906,86.85,183.87600708007813,17.37,-8.60600708007814
2022-12-23,185.89,82.97699737548828,86.85,165.95399475097656,17.37,2.566005249023423
2022-12-27,91.73,80.042999267578125,86.08,160.08599853515625,17.216,-85.57199853515624
2022-12-28,45.9,81.35099792480469,84.13,162.70199584960938,16.826,-133.62799584960936
2022-12-29,13.58,83.83000183105469,82.36,167.66000366210938,16.472,-170.55200366210937
2022-12-30,14.63,76.31500244140625,79.4,152.6300048828125,15.880000000000003,-153.8800048828125
2023-01-03,145.95,72.31400299072266,80.42,144.6280059814453,16.084,-14.762005981445323
2023-01-04,58.94,65.022003173828125,75.4,130.04400634765625,15.080000000000002,-86.18400634765625
2023-01-05,107.46,72.4219970703125,76.24,144.843994140625,15.248,-52.631994140625004
2023-01-06,117.47,69.53399658203125,75.55,139.0679931640625,15.11,-36.7079931640625
2023-01-09,129.29,74.302001953125,79.1,148.60400390625,15.82,-35.13400390625001
2023-01-10,123.13,70.07099914550781,78.38,140.14199829101563,15.676,-32.68799829101563
2023-01-11,84.08,65.34600067138672,76.64,130.69200134277344,15.328000000000001,-61.94000134277344
2023-01-12,70.74,66.80899810791016,77.76,133.6179962158203,15.552000000000001,-78.42999621582032
2023-01-13,66.64,64.81199645996094,77.2,129.62399291992188,15.440000000000001,-78.42399291992187
2023-01-17,133.57,60.06100082397461,77.21,120.12200164794922,15.442,-1.9940016479492257
2023-01-18,143.76,61.70899963378906,81.42,123.41799926757813,16.284000000000002,4.058000732421863
2023-01-19,148.21,60.71699905395508,81.86,121.43399810791016,16.372,10.404001892089852
2023-01-20,180.66,66.89800262451172,82.6,133.79600524902344,16.52,30.34399475097656
2023-01-23,202.73,65.9990005493164,81.8,131.9980010986328,16.36,54.37199890136718
2023-01-24,202.69,58.26900100708008,79.62,116.53800201416016,15.924000000000001,70.22799798583983
2023-01-25,181.74,56.65999984741211,82.28,113.31999969482422,16.456,51.96400030517579
2023-01-26,167.67,54.814998626708984,86.81,109.62999725341797,17.362000000000002,40.67800274658202
2023-01-27,168.76,55.42499923706055,86.94,110.8499984741211,17.388,40.52200152587889
2023-01-30,74.21,55.15599822998047,87.21,110.31199645996094,17.442,-53.543996459960944
2023-01-31,117.32,57.35200119018555,90.13,114.7040023803711,18.026,-15.4100023803711
2023-02-01,93.08,59.527000427246094,92.65,119.05400085449219,18.53,-44.50400085449219
2023-02-02,136.15,57.040000915527344,90.65,114.08000183105469,18.130000000000003,3.9399981689453156
2023-02-03,102.61,57.888999938964844,90.9,115.77799987792969,18.180000000000003,-31.34799987792969
2023-02-06,172.96,58.10900115966797,87.96,116.21800231933594,17.592,39.14999768066407
2023-02-07,172.92,55.40299987792969,87.9,110.80599975585938,17.580000000000002,44.534000244140614
2023-02-08,152.1,53.6870002746582,87.59,107.3740005493164,17.518,27.207999450683587
2023-02-09,132.54,52.73400115966797,88.49,105.46800231933594,17.698,9.373997680664054
2023-02-10,125.92,53.946998596191406,90.44,107.89399719238281,18.088,-0.06199719238281176
2023-02-13,163.5,51.707000732421875,89.35,103.41400146484375,17.87,42.215998535156245
2023-02-14,154.49,52.38600158691406,88.62,104.77200317382813,17.724,31.993996826171884
2023-02-15,143.52,54.715999603271484,91.51,109.43199920654297,18.302000000000003,15.786000793457038
2023-02-16,136.73,52.01100158691406,95.13,104.02200317382813,19.026,13.681996826171865
2023-02-17,81.15,49.047000885009766,93.33,98.09400177001953,18.666,-35.61000177001952
2023-02-21,122.45,48.54199981689453,97.12,97.08399963378906,19.424000000000003,5.942000366210937
2023-02-22,148.65,50.56800079345703,93.45,101.13600158691406,18.69,28.823998413085942
2023-02-23,146.12,50.779998779296875,93.84,101.55999755859375,18.768,25.792002441406254
2023-02-24,118.3,51.01300048828125,94.79,102.0260009765625,18.958000000000002,-2.684000976562505
2023-02-27,152.27,47.29899978637695,96.9,94.5979995727539,19.380000000000003,38.2920004272461
2023-02-28,148.05,46.665000915527344,95.88,93.33000183105469,19.176,35.54399816894532
2023-03-01,142.97,47.08399963378906,93.8,94.167999267578125,18.76,30.042000732421872
2023-03-02,144.31,46.814998626708984,90.1,93.62999725341797,18.02,32.66000274658204
2023-03-03,136.76,44.97999954223633,89.27,89.95999908447266,17.854,28.946000915527335
2023-03-06,150.67,42.14899826049805,89.96,84.2979965209961,17.992,48.38000347900389
2023-03-07,106.87,43.369998931884766,92.87,86.73999786376953,18.574,1.5560021362304717
2023-03-08,138.89,42.3390007019043,94.76,84.6780014038086,18.952,35.259998596191394
2023-03-09,127.2,43.5989990234375,95.4,87.197998046875,19.080000000000002,20.922001953125
2023-03-10,115.61,52.856998443603516,96.83,105.71399688720703,19.366,-9.469996887207031
2023-03-13,37.14,49.58399963378906,92.99,99.167999267578125,18.598,-80.62599926757812
2023-03-14,71.48,44.185001373291016,89.73,88.37000274658203,17.946,-34.836002746582025
2023-03-15,127.72,42.904998779296875,86.65,85.80999755859375,17.330000000000002,24.580002441406247
2023-03-16,105.57,44.340999603271484,85.27,88.68199920654297,17.054,-0.16599920654297406
2023-03-17,92.35,42.856998443603516,85.57,85.71399688720703,17.114,-10.477996887207038
2023-03-20,125.17,39.32500076293945,85.18,78.6500015258789,17.036,29.483998474121094
2023-03-21,115.05,42.400001525878906,87.38,84.80000305175781,17.476,12.773996948242186
2023-03-22,80.18,39.974998474121094,86.63,79.94999694824219,17.326,-17.09599694824218
2023-03-23,74.71,43.18600082397461,90.18,86.37200164794922,18.036,-29.698001647949226
2023-03-24,53.12,41.09400177001953,85.4,82.18800354003906,17.080000000000002,-46.14800354003907
2023-03-27,92.32,42.52799987792969,88.13,85.055999755859375,17.626,-10.361999755859383
2023-03-28,113.15,42.75199890136719,89.4,85.503997802734375,17.880000000000003,9.766002197265628
2023-03-29,116.54,42.803001403808594,90.02,85.60600280761719,18.004,12.929997192382817
2023-03-30,81.44,43.60900115966797,90.8,87.21800231933594,18.16,-23.93800231933594
2023-03-31,97.59,47.845001220703125,91.75,95.69000244140625,18.35,-16.450002441406248
2023-04-03,114.8,51.367000579833984,96,102.73400115966797,19.200000000000003,-7.134001159667974
2023-04-04,132.07,46.56800079345703,94.98,93.13600158691406,18.996000000000002,19.93799841308593
2023-04-05,140.97,44.57500076293945,97.01,89.1500015258789,19.402,32.41799847412109
2023-04-06,124.28,43.125,96.75,86.25,19.35,18.68
2023-04-11,59.99,43.69200134277344,97.47,87.384002685546875,19.494,-46.88800268554687
2023-04-12,107.69,42.880001068115234,96.27,85.76000213623047,19.254,2.6759978637695276
2023-04-13,108.41,42.09299850463867,94.39,84.18599700927734,18.878,5.346002990722653
2023-04-14,128.8,41.14899826049805,94.11,82.2979965209961,18.822,27.68000347900392
2023-04-17,124.24,41.12699890136719,92.91,82.253997802734375,18.582,23.40400219726562
2023-04-18,108.23,42.72200012207031,95.15,85.444000244140625,19.03,3.755999755859378
2023-04-19,87.52,40.29800033569336,94.39,80.59600067138672,18.878,-11.954000671386723
2023-04-20,111.71,40.564998626708984,91.74,81.12999725341797,18.348,12.232002746582026
2023-04-21,89.47,40.16400146484375,89.86,80.3280029296875,17.972,-8.830002929687502
2023-04-24,104.6,39.92499923706055,88.56,79.8499984741211,17.712,7.038001525878901
2023-04-25,101,39.83300018310547,86.81,79.66600036621094,17.362000000000002,3.9719996337890606
2023-04-26,110.72,38.55099868774414,86.24,77.10199737548828,17.248,16.370002624511717
2023-04-27,112.09,39.03900146484375,86.68,78.0780029296875,17.336000000000002,16.6759970703125
2023-04-28,106,38.53799819946289,87.65,77.07599639892578,17.53,11.394003601074218
2023-05-01,87.55,38.83399963378906,85.63,77.667999267578125,17.126,-7.243999267578129
2023-05-02,106.1,37.52899932861328,88.52,75.05799865722656,17.704,13.338001342773431
2023-05-03,107.8,36.78200149536133,85.15,73.56400299072266,17.03,17.20599700927734
2023-05-04,97.5,35.65299987792969,84.5,71.305999755859375,16.900000000000002,9.294000244140623
2023-05-05,96.05,36.57400131225586,84.96,73.14800262451172,16.992,5.9099973754882775
2023-05-08,96.37,36.874000549316406,85.59,73.74800109863281,17.118000000000002,5.50399890136719
2023-05-09,94.64,35.95000076293945,87.51,71.9000015258789,17.502000000000002,5.237998474121092
2023-05-10,107.89,34.99300003051758,89.06,69.98600006103516,17.812,20.091999938964843
2023-05-11,116.14,34.99300003051758,88.57,69.98600006103516,17.714,28.439999938964846
2023-05-12,100.51,32.766998291015625,88.93,65.53399658203125,17.786,17.190003417968754
2023-05-15,113.84,32.31399917602539,87.14,64.62799835205078,17.428,31.78400164794922
2023-05-16,79.3,31.820999145507813,88.93,63.641998291015625,17.786,-2.127998291015629
2023-05-17,78.58,31.952999114990234,88.04,63.90599822998047,17.608,-2.933998229980471
2023-05-18,86.73,29.78499984741211,89.65,59.56999969482422,17.930000000000003,9.230000305175782
2023-05-19,87.28,30.176000595092773,89.43,60.35200119018555,17.886000000000003,9.041998809814451
2023-05-22,97.33,29.711000442504883,87.25,59.422000885009766,17.45,20.457999114990233
2023-05-23,72.79,29.12700080871582,85.8,58.25400161743164,17.16,-2.6240016174316345
2023-05-24,102.27,27.78499984741211,84.79,55.56999969482422,16.958000000000002,29.742000305175775
2023-05-25,81.65,25.45199966430664,82.63,50.90399932861328,16.526,14.220000671386725
2023-05-26,69.98,24.520000457763672,83.13,49.040000915527344,16.626,4.313999084472659
2023-05-30,87.74,24.680999755859375,80.38,49.36199951171875,16.076,22.302000488281244
2023-05-31,72.32,26.851999282836914,80.77,53.70399856567383,16.154,2.462001434326165
2023-06-01,72.9,23.10300064086914,78.95,46.20600128173828,15.790000000000001,10.903998718261724
2023-06-02,81.02,23.68899917602539,78.52,47.37799835205078,15.704,17.938001647949214
2023-06-05,90.76,28.47800064086914,82.86,56.95600128173828,16.572,17.231998718261725
2023-06-06,98.14,24.860000610351563,81.64,49.720001220703125,16.328,32.09199877929687
2023-06-07,100.93,26.33099937438965,83.86,52.6619987487793,16.772000000000002,31.496001251220708
2023-06-08,84.52,26.94499969482422,83.35,53.88999938964844,16.669999999999998,13.96000061035156
2023-06-09,86.68,32.04899978637695,86.14,64.0979995727539,17.228,5.354000427246099
2023-06-12,96.4,31.035999298095703,88.22,62.071998596191406,17.644000000000002,16.684001403808598
2023-06-13,90.03,36.05099868774414,90.72,72.10199737548828,18.144000000000002,-0.21599737548828202
2023-06-14,102.94,38.3120002746582,93.62,76.6240005493164,18.724,7.591999450683591
2023-06-15,120.31,41.14500045776367,92.93,82.29000091552734,18.586000000000002,19.433999084472656
2023-06-16,127.52,35.007999420166016,91.92,70.01599884033203,18.384,39.120001159667964
2023-06-20,121.15,38.70800018310547,94.51,77.41600036621094,18.902,24.831999633789067
2023-06-21,123.47,36.74300003051758,90.85,73.48600006103516,18.169999999999998,31.813999938964844
2023-06-22,125.71,34.09700012207031,90.95,68.194000244140625,18.19,39.32599975585937
2023-06-23,106.41,32.50699996948242,87.55,65.01399993896484,17.51,23.88600006103515
2023-06-26,97.49,31.975000381469727,86.49,63.95000076293945,17.298,16.241999237060543
2023-06-27,101.95,34.50600051879883,89.09,69.01200103759766,17.818,15.119998962402345
2023-06-28,112.52,34.125,88.21,68.25,17.642,26.627999999999997
2023-06-29,118.08,35.18000030517578,88.13,70.36000061035156,17.626,30.093999389648435
2023-06-30,110.03,37.10300064086914,89.57,74.20600128173828,17.913999999999998,17.909998718261722
2023-07-03,53.22,33.92900085449219,87.58,67.858001708984375,17.516000000000002,-32.15400170898438
2023-07-05,69.8,34.37300109863281,85.81,68.746002197265625,17.162000000000003,-16.10800219726563
2023-07-06,107.2,32.347999572753906,86.29,64.69599914550781,17.258000000000003,25.246000854492188
2023-07-07,102.97,33.47800064086914,86.15,66.95600128173828,17.23,18.783998718261717
2023-07-10,113.99,30.226999282836914,86.26,60.45399856567383,17.252000000000002,36.284001434326164
2023-07-11,105.96,29.06100082397461,87.05,58.12200164794922,17.41,30.427998352050775
2023-07-12,87.51,26.638999938964844,85.83,53.27799987792969,17.166,17.066000122070317
2023-07-13,97.71,26.60700035095215,85.88,53.2140007019043,17.176,27.3199992980957
2023-07-14,96.97,25.957000732421875,86.35,51.91400146484375,17.27,27.78599853515625
2023-07-17,81.92,25.10099983215332,86.78,50.20199966430664,17.356,14.36200033569336
2023-07-18,106.46,27.069000244140625,88.18,54.13800048828125,17.636000000000003,34.68599951171874
2023-07-19,97.32,26.96299934387207,88.98,53.92599868774414,17.796000000000003,25.59800131225585
2023-07-20,96.51,28.01799964904785,90.84,56.0359992980957,18.168000000000003,22.3060007019043
2023-07-21,104.4,28.163999557495117,91.82,56.327999114990234,18.364,29.70800088500977
2023-07-24,90.53,30.55699920654297,91.29,61.11399841308594,18.258000000000003,11.158001586914061
2023-07-25,104.15,32.64799880981445,92.34,65.2959976196289,18.468,20.3860023803711
2023-07-26,95.24,29.274999618530273,90.77,58.54999923706055,18.154,18.536000762939448
2023-07-27,93.91,28.43400001525879,90.92,56.86800003051758,18.184,18.857999969482417
2023-07-28,95.92,25.840999603271484,88.7,51.68199920654297,17.740000000000002,26.49800079345703
2023-07-31,70.97,28.365999221801758,86.81,56.731998443603516,17.362000000000002,-3.1239984436035186
2023-08-01,79.43,27.12299919128418,84.62,54.24599838256836,16.924000000000003,8.260001617431644
2023-08-02,68.29,28.742000579833984,83.2,57.48400115966797,16.64,-5.834001159667963
2023-08-03,45.41,30.472999572753906,84.41,60.94599914550781,16.882,-32.41799914550782
2023-08-04,98.59,28.85300064086914,83.41,57.70600128173828,16.682,24.201998718261724
2023-08-07,19.44,30.48699951171875,82.64,60.9739990234375,16.528000000000002,-58.06199902343751
2023-08-08,12.06,31.06599998474121,83.97,62.13199996948242,16.794,-66.86599996948242
2023-08-09,88.35,39.823001861572266,83.9,79.64600372314453,16.78,-8.076003723144538
2023-08-10,102.17,37.055999755859375,84.55,74.11199951171875,16.91,11.148000488281252
2023-08-11,100.44,35.29999923706055,86.8,70.5999984741211,17.36,12.480001525878905
2023-08-14,103.37,34.433998107910156,87.95,68.86799621582031,17.59,16.912003784179692
2023-08-15,93.56,38.8129997253418,86.87,77.6259994506836,17.374000000000002,-1.4399994506835938
2023-08-16,110.81,37.784000396728516,88.58,75.56800079345703,17.716,17.52599920654297
2023-08-17,111.36,36.82500076293945,88.85,73.6500015258789,17.77,19.939998474121094
2023-08-18,108.99,36.40999984741211,88.05,72.81999969482422,17.61,18.560000305175777
2023-08-21,121.11,40.78200149536133,87.85,81.56400299072266,17.57,21.975997009277343
2023-08-22,123.15,42.90800094604492,90.01,85.81600189208984,18.002000000000002,19.33199810791016
2023-08-23,146.55,36.7859992980957,88,73.5719985961914,17.6,55.378001403808604
2023-08-24,146.95,31.937999725341797,85.21,63.875999450683594,17.041999999999998,66.0320005493164
2023-08-25,116.26,34.777000427246094,85.25,69.55400085449219,17.05,29.655999145507817
2023-08-28,118.67,38.41400146484375,85.6,76.8280029296875,17.12,24.7219970703125
2023-08-29,122.9,35.19499969482422,85,70.38999938964844,17,35.51000061035157
2023-08-30,114.93,35.992000579833984,86,71.98400115966797,17.2,25.74599884033204
2023-08-31,104.3,35.02899932861328,86.03,70.05799865722656,17.206,17.036001342773435
2023-09-01,108.57,35.617000579833984,85.64,71.23400115966797,17.128,20.207998840332024
2023-09-05,103.54,34.44900131225586,83.91,68.89800262451172,16.782,17.859997375488287
2023-09-06,105.62,31.075000762939453,83.7,62.150001525878906,16.740000000000002,26.729998474121096
2023-09-07,100.99,32.755001068115234,83.29,65.51000213623047,16.658,18.821997863769525
2023-09-08,108.23,34.507999420166016,81.62,69.01599884033203,16.324,22.89000115966797
2023-09-11,152.87,35.847999572753906,81.73,71.69599914550781,16.346,64.82800085449219
2023-09-12,131.45,34.70100021362305,81.12,69.4020004272461,16.224,45.82399957275389
2023-09-13,109.94,36.81700134277344,83.76,73.634002685546875,16.752000000000002,19.55399731445312
2023-09-14,120.47,35.520999908447266,82.93,71.04199981689453,16.586000000000002,32.84200018310547
2023-09-15,108.19,36.483001708984375,82.1,72.96600341796875,16.419999999999998,18.80399658203125
2023-09-18,95.3,34.474998474121094,80.88,68.94999694824219,16.176,10.174003051757811
2023-09-19,37.52,36.78200149536133,81.3,73.56400299072266,16.26,-52.30400299072265
2023-09-20,49.46,37.284000396728516,82.76,74.56800079345703,16.552000000000003,-41.66000079345703
2023-09-21,103.06,39.10499954223633,84.43,78.20999908447266,16.886000000000003,7.964000915527343
2023-09-22,103.98,39.79100036621094,85.3,79.582000732421875,17.06,7.33799926757813
2023-09-25,105.8,44.44200134277344,84.89,88.884002685546875,16.978,-0.06200268554687938
2023-09-26,128.77,40.321998596191406,82.51,80.64399719238281,16.502000000000002,31.624002807617195
2023-09-27,124.48,39.29600143432617,81.86,78.59200286865234,16.372,29.51599713134766
2023-09-28,112.52,39.736000061035156,83.11,79.47200012207031,16.622,16.425999877929684
2023-09-29,105.27,41.85900115966797,81.45,83.71800231933594,16.290000000000003,5.261997680664056
2023-10-02,118.15,39.334999084472656,80.7,78.66999816894531,16.14,23.340001831054693
2023-10-03,22.96,36.98699951171875,79.8,73.9739990234375,15.96,-66.9739990234375
2023-10-04,69.49,38.441001892089844,81.82,76.88200378417969,16.364,-23.756003784179693
2023-10-05,101.61,36.207000732421875,80.86,72.41400146484375,16.172,13.023998535156249
2023-10-06,71.6,38.23099899291992,80.62,76.46199798583984,16.124000000000002,-20.98599798583985
2023-10-09,116.01,43.952999114990234,81.63,87.90599822998047,16.326,11.778001770019536
2023-10-10,112.39,49.45500183105469,84.74,98.910003662109375,16.948,-3.468003662109375
2023-10-11,59.8,46.06800079345703,83.78,92.13600158691406,16.756,-49.092001586914066
2023-10-12,122.71,53.00199890136719,85.45,106.00399780273438,17.09,-0.3839978027343811
2023-10-13,68.41,53.981998443603516,85.66,107.96399688720703,17.132,-56.68599688720704
2023-10-16,133.7,48.46699905395508,83.41,96.93399810791016,16.682,20.084001892089834
2023-10-17,130.12,48.895999908447266,82.65,97.79199981689453,16.53,15.798000183105472
2023-10-18,98.44,50.83300018310547,81.79,101.66600036621094,16.358,-19.58400036621094
2023-10-19,93.41,50.172000885009766,82,100.34400177001953,16.400000000000002,-23.334001770019537
2023-10-20,87.24,51.11199951171875,81.67,102.2239990234375,16.334,-31.317999023437505
2023-10-23,125.02,51.2760009765625,80.3,102.552001953125,16.06,6.407998046874997
2023-10-24,117.99,49.263999938964844,80.66,98.52799987792969,16.132,3.330000122070306
2023-10-25,124.31,49.92399978637695,79.93,99.8479995727539,15.986000000000002,8.476000427246094
2023-10-26,121.35,50.808998107910156,79.58,101.61799621582031,15.916,3.8160037841796814
2023-10-27,118.35,50.53200149536133,79.36,101.06400299072266,15.872,1.4139970092773382
2023-10-30,92.89,50.547000885009766,78.78,101.09400177001953,15.756,-23.96000177001953
2023-10-31,104.95,48.00600051879883,79.41,96.01200103759766,15.882,-6.944001037597653
2023-11-01,62.89,47.75699996948242,78.66,95.51399993896484,15.732,-48.35599993896484
2023-11-02,59.77,48.56399917602539,79.06,97.12799835205078,15.812000000000001,-53.16999835205078
2023-11-03,56.57,48.05699920654297,77.2,96.11399841308594,15.440000000000001,-54.98399841308594
2023-11-06,72.04,44.832000732421875,75.88,89.66400146484375,15.176,-32.800001464843746
2023-11-07,99.75,46.05699920654297,75.36,92.11399841308594,15.072000000000001,-7.4359984130859385
2023-11-08,89.72,45.777000427246094,75.4,91.55400085449219,15.080000000000002,-16.91400085449219
2023-11-09,97.22,48.12900161743164,77.3,96.25800323486328,15.46,-14.498003234863283
2023-11-10,94.05,46.63199996948242,78.5,93.26399993896484,15.700000000000001,-14.913999938964848
2023-11-13,94.89,47.87300109863281,77.04,95.746002197265625,15.408000000000001,-16.264002197265626
2023-11-14,65.51,47.608001708984375,78.57,95.21600341796875,15.713999999999999,-45.42000341796874
2023-11-15,102.41,47.0369987487793,79.8,94.0739974975586,15.96,-7.623997497558598
2023-11-16,117.63,45.8489990234375,77.2,91.697998046875,15.440000000000001,10.492001953124994
2023-11-17,121.34,45.06399917602539,76.23,90.12799835205078,15.246000000000002,15.96600164794922
2023-11-20,106.08,45.82099914550781,76.66,91.641998291015625,15.332,-0.8939982910156274
2023-11-21,123.3,44.064998626708984,75.21,88.12999725341797,15.042,20.128002746582027
2023-11-22,109.69,44.61600112915039,75.1,89.23200225830078,15.02,5.437997741699217
2023-11-23,61.64,46.58000183105469,76.57,93.160003662109375,15.314,-46.834003662109374
2023-11-24,63.87,46.65700149536133,76.46,93.31400299072266,15.292,-44.73600299072266
2023-11-27,114.51,43.98400115966797,73.07,87.96800231933594,14.613999999999999,11.927997680664069
2023-11-28,121.94,42.77399826049805,72.5,85.5479965209961,14.5,21.892003479003904
2023-11-29,140.02,40.36000061035156,70.78,80.720001220703125,14.156,45.143998779296886
2023-11-30,168.76,42.090999603271484,70.56,84.18199920654297,14.112000000000002,70.46600079345703
2023-12-01,156.4,43.49599838256836,72.45,86.99199676513672,14.490000000000002,54.918003234863285
2023-12-04,111.76,40.104000091552734,70.43,80.20800018310547,14.086000000000002,17.465999816894534
2023-12-05,114.39,38.132999420166016,68.91,76.26599884033203,13.782,24.34200115966797
2023-12-06,129.54,39.3129997253418,68.96,78.6259994506836,13.792,37.1220005493164
2023-12-07,116.6,39.96799850463867,69.97,79.93599700927734,13.994,22.67000299072265
2023-12-08,103.68,38.597999572753906,68.62,77.19599914550781,13.724000000000002,12.760000854492192
2023-12-11,79.05,36.11800003051758,67.34,72.23600006103516,13.468000000000002,-6.654000061035161
2023-12-12,106.06,34.702999114990234,68.24,69.40599822998047,13.648,23.006001770019534
2023-12-13,93.04,35.8120002746582,68.88,71.6240005493164,13.776,7.6399994506836
2023-12-14,107.12,34.849998474121094,66.73,69.69999694824219,13.346000000000002,24.074003051757813
2023-12-15,93.24,33.18899917602539,67.57,66.37799835205078,13.514,13.348001647949214
2023-12-18,77.97,35.52199935913086,69.61,71.04399871826172,13.922,-6.9959987182617205
2023-12-19,76.29,32.56800079345703,69.76,65.13600158691406,13.952000000000002,-2.798001586914058
2023-12-20,62,33.520999908447266,73.2,67.04199981689453,14.64,-19.681999816894532
2023-12-21,25.28,34.202999114990234,75.88,68.40599822998047,15.176,-58.30199822998047
2023-12-22,22.66,34.17399978637695,76.94,68.3479995727539,15.388,-61.07599957275391
2023-12-27,60.8,35.51300048828125,77.74,71.0260009765625,15.548,-25.774000976562505
2023-12-28,16.67,33.10499954223633,77.94,66.20999908447266,15.588000000000001,-65.12799908447266
2023-12-29,6.36,32.349998474121094,77.98,64.69999694824219,15.596000000000002,-73.93599694824219
2024-01-02,53.07,30.57200050354004,74.09,61.14400100708008,14.818000000000001,-22.89200100708008
2024-01-03,45.22,32.79499816894531,75.42,65.589996337890625,15.084000000000001,-35.45399633789063
2024-01-04,85.41,33.40999984741211,73.78,66.81999969482422,14.756,3.8340003051757776
2024-01-05,91.37,34.55099868774414,73.97,69.10199737548828,14.794,7.474002624511723
2024-01-08,102.23,31.579999923706055,69.96,63.15999984741211,13.991999999999999,25.078000152587897
2024-01-09,109.39,30.641000747680664,69.9,61.28200149536133,13.980000000000002,34.12799850463867
2024-01-10,111.84,30.941999435424805,67.72,61.88399887084961,13.544,36.4120011291504
2024-01-11,109.65,30.816999435424805,65.96,61.63399887084961,13.192,34.824001129150396
2024-01-12,106.04,31.990999221801758,63.8,63.981998443603516,12.76,29.298001556396493
2024-01-16,101.14,29.6560001373291,65.49,59.3120002746582,13.097999999999999,28.7299997253418
2024-01-17,99.61,27.70800018310547,63.31,55.41600036621094,12.662,31.531999633789063
2024-01-18,92.74,27.89299964904785,63.28,55.7859992980957,12.656,24.298000701904293
2024-01-19,78.51,28.429000854492188,63.42,56.858001708984375,12.684000000000001,8.967998291015629
2024-01-22,49.84,27.263999938964844,62.41,54.52799987792969,12.482,-17.169999877929683
2024-01-23,52.28,27.226999282836914,63.27,54.45399856567383,12.654000000000002,-14.827998565673829
2024-01-24,33.12,28.929000854492188,65.8,57.858001708984375,13.16,-37.89800170898438
2024-01-25,78.02,27.784000396728516,63.41,55.56800079345703,12.682,9.769999206542964
2024-01-26,59.23,28.07900047302246,63.1,56.15800094604492,12.620000000000001,-9.548000946044926
2024-01-29,81.03,28.173999786376953,61.77,56.347999572753906,12.354000000000001,12.328000427246094
2024-01-30,77.97,29.391000747680664,64.02,58.78200149536133,12.804,6.3839985046386705
2024-01-31,76,30.235000610351563,64.4,60.470001220703125,12.880000000000003,2.6499987792968724
2024-02-01,72.04,28.990999221801758,62.32,57.981998443603516,12.464,1.5940015563964902
2024-02-02,61.66,29.304000854492188,63.5,58.608001708984375,12.700000000000001,-9.64800170898438
2024-02-05,35.84,28.340999603271484,62.59,56.68199920654297,12.518,-33.359999206542966
2024-02-06,45.29,28.60700035095215,63.49,57.2140007019043,12.698,-24.622000701904298
2024-02-07,79.16,28.18600082397461,62.32,56.37200164794922,12.464,10.323998352050777
2024-02-08,88.7,27.812000274658203,60.71,55.624000549316406,12.142000000000001,20.933999450683594
2024-02-09,70.52,27.117000579833984,58.8,54.23400115966797,11.76,4.5259988403320275
2024-02-12,74.75,25.729000091552734,57.2,51.45800018310547,11.440000000000001,11.85199981689453
2024-02-13,72.23,25.43600082397461,56.65,50.87200164794922,11.33,10.027998352050785
2024-02-14,68.16,24.85700035095215,56.44,49.7140007019043,11.288,7.1579992980956995
2024-02-15,70.5,24.965999603271484,57.95,49.93199920654297,11.590000000000002,8.97800079345703
2024-02-16,61.06,24.82200050354004,57.11,49.64400100708008,11.422,-0.006001007080076448
2024-02-20,63.22,24.167999267578125,54.21,48.33599853515625,10.842,4.042001464843748
2024-02-21,57.57,23.976999282836914,54.51,47.95399856567383,10.902000000000001,-1.2859985656738289
2024-02-22,50.92,23.19300079345703,52.59,46.38600158691406,10.518,-5.9840015869140615
2024-02-23,43.74,22.93400001525879,52.51,45.86800003051758,10.502,-12.630000030517577
2024-02-26,66.27,24.009000778198242,53.83,48.018001556396484,10.766,7.485998443603512
2024-02-27,73.84,24.392000198364258,55.96,48.784000396728516,11.192,13.863999603271488
2024-02-28,71.82,25.618999481201172,57.21,51.237998962402344,11.442,9.14000103759765
2024-02-29,63.2,24.864999771118164,56.44,49.72999954223633,11.288,2.1820004577636745
2024-03-01,71.01,25.80900001525879,56.31,51.61800003051758,11.262,8.129999969482427
2024-03-04,75.89,26.885000228881836,57.28,53.77000045776367,11.456000000000001,10.663999542236327
2024-03-05,74.6,27.468000411987305,60,54.93600082397461,12,7.663999176025385
2024-03-06,82.84,26.57200050354004,58.79,53.14400100708008,11.758000000000001,17.937998992919923
2024-03-07,76.32,25.992000579833984,59.44,51.98400115966797,11.888,12.447998840332025
2024-03-08,62.33,26.392000198364258,58.5,52.784000396728516,11.700000000000001,-2.1540003967285184
2024-03-11,71.67,24.93000030517578,56.13,49.86000061035156,11.226,10.583999389648438
2024-03-12,86.47,24.774999618530273,57,49.54999923706055,11.4,25.520000762939453
2024-03-13,72.46,24.902999877929688,55.87,49.805999755859375,11.174,11.48000024414062
2024-03-14,67.06,26.048999786376953,58.8,52.097999572753906,11.76,3.2020004272460962
2024-03-15,55.9,27.025999069213867,59.38,54.051998138427734,11.876000000000001,-10.027998138427737
2024-03-18,81.25,28.82200050354004,61.42,57.64400100708008,12.284,11.321998992919921
2024-03-19,81.57,28.865999221801758,61.31,57.731998443603516,12.262,11.576001556396477
2024-03-20,91.34,27.742000579833984,60.01,55.48400115966797,12.002,23.853998840332032
2024-03-21,81.39,26.402000427246094,59.37,52.80400085449219,11.874,16.71199914550781
2024-03-22,68.54,27.775999069213867,61.5,55.551998138427734,12.3,0.6880018615722712
2024-03-25,84.56,28.48900032043457,64.84,56.97800064086914,12.968000000000002,14.61399935913086
2024-03-26,66.14,27.131999969482422,63,54.263999938964844,12.600000000000001,-0.7239999389648446
2024-03-27,76.3,27.687000274658203,62.61,55.374000549316406,12.522,8.40399945068359
2024-03-28,51.35,27.34000015258789,61.93,54.68000030517578,12.386000000000001,-15.71600030517578
2024-04-02,33.35,26.202999114990234,58.9,52.40599822998047,11.780000000000001,-30.83599822998047
2024-04-03,87.37,25.562999725341797,57.55,51.125999450683594,11.51,24.734000549316413
2024-04-04,64.53,26.20599937438965,58.39,52.4119987487793,11.678,0.44000125122070344
2024-04-05,46.59,26.606000900268555,61.01,53.21200180053711,12.202,-18.824001800537104
2024-04-08,84.87,27.908000946044922,63.39,55.816001892089844,12.678,16.37599810791016
2024-04-09,57.99,27.35099983215332,63.96,54.70199966430664,12.792000000000002,-9.50399966430664
2024-04-10,69.91,27.100000381469727,62.85,54.20000076293945,12.57,3.139999237060543
2024-04-11,58.81,29.37700080871582,68.83,58.75400161743164,13.766,-13.710001617431638
2024-04-12,60.95,30.73200035095215,71.64,61.4640007019043,14.328000000000001,-14.842000701904295
2024-04-15,70.19,31.14299964904785,70.16,62.2859992980957,14.032,-6.127999298095705
2024-04-16,56.26,33.138999938964844,74.25,66.27799987792969,14.850000000000001,-24.86799987792969
2024-04-17,102.01,31.288999557495117,70.33,62.577999114990234,14.066,25.36600088500977
2024-04-18,95.82,32.308998107910156,71.55,64.61799621582031,14.31,16.89200378417968
2024-04-19,58.82,30.757999420166016,68.52,61.51599884033203,13.704,-16.39999884033203
2024-04-22,98.53,29.309999465942383,66.4,58.619998931884766,13.280000000000001,26.630001068115234
2024-04-23,97.76,28.41699981689453,66.38,56.83399963378906,13.276,27.650000366210943
2024-04-24,94.3,29.01799964904785,66.85,58.0359992980957,13.37,22.894000701904297
2024-04-25,90.63,29.770999908447266,68.41,59.54199981689453,13.682,17.406000183105462
2024-04-26,86.44,28.88599967956543,67.51,57.77199935913086,13.502000000000002,15.166000640869136
2024-04-29,80.8,27.993999481201172,65.8,55.987998962402344,13.16,11.652001037597653
2024-04-30,69.38,29.118000030517578,69.2,58.236000061035156,13.840000000000002,-2.6960000610351624
2024-05-01,4.39,28.729999542236328,67.91,57.459999084472656,13.582,-66.65199908447266
2024-05-02,36.42,30.913000106811523,72.69,61.82600021362305,14.538,-39.94400021362304
2024-05-03,77.81,30.527999877929688,71.84,61.055999755859375,14.368000000000002,2.386000244140625
2024-05-06,93.18,31.801000595092773,73.67,63.60200119018555,14.734000000000002,14.843998809814458
2024-05-07,93.04,31.066999435424805,70.85,62.13399887084961,14.17,16.736001129150395
2024-05-08,91.82,30.608999252319336,71.92,61.21799850463867,14.384,16.21800149536132
2024-05-09,61.86,30.864999771118164,73.62,61.72999954223633,14.724000000000002,-14.59399954223633
2024-05-10,75.99,30.02899932861328,71.59,60.05799865722656,14.318000000000001,1.614001342773431
2024-05-13,46.41,29.577999114990234,70.07,59.15599822998047,14.014,-26.75999822998047
2024-05-14,27.68,29.66900062561035,70.1,59.3380012512207,14.02,-45.67800125122071
2024-05-15,42.93,29.733999252319336,69.19,59.46799850463867,13.838000000000001,-30.375998504638673
2024-05-16,49.56,30.24799919128418,70.79,60.49599838256836,14.158000000000001,-25.09399838256836
2024-05-17,69.01,30.768999099731445,70.52,61.53799819946289,14.104,-6.631998199462885
2024-05-20,64.98,31.76799964904785,74.24,63.5359992980957,14.847999999999999,-13.403999298095698
2024-05-21,79.81,33.00400161743164,76.2,66.00800323486328,15.240000000000002,-1.438003234863281
2024-05-22,85.84,34.388999938964844,76.67,68.77799987792969,15.334000000000001,1.7280001220703145
2024-05-23,93.87,35.22800064086914,76.1,70.45600128173828,15.219999999999999,8.193998718261724
2024-05-24,102.19,34.1150016784668,75.78,68.2300033569336,15.156,18.803996643066405
2024-05-28,90.75,33.534000396728516,74.6,67.06800079345703,14.92,8.761999206542969
2024-05-29,79.18,33.87900161743164,73.95,67.75800323486328,14.790000000000001,-3.3680032348632754
2024-05-30,97.45,35.19200134277344,75.2,70.384002685546875,15.040000000000001,12.025997314453127
2024-05-31,89.22,34.222999572753906,74.07,68.44599914550781,14.814,5.960000854492186
2024-06-03,117.14,36.013999938964844,74.63,72.02799987792969,14.926,30.18600012207031
2024-06-04,107.23,33.797000885009766,72.58,67.59400177001953,14.516,25.119998229980474
2024-06-05,81.72,33.35499954223633,72,66.70999908447266,14.4,0.6100009155273423
2024-06-06,86.37,33.68600082397461,71.53,67.37200164794922,14.306000000000001,4.691998352050785
2024-06-07,83.15,33.10900115966797,71.42,66.21800231933594,14.284,2.6479976806640675
2024-06-10,92.65,34.257999420166016,70.91,68.51599884033203,14.182,9.952001159667974
2024-06-11,61.63,34.28499984741211,70.41,68.56999969482422,14.082,-21.021999694824217
2024-06-12,91.19,35.29399871826172,70.3,70.58799743652344,14.06,6.54200256347656
2024-06-13,94.78,35.7239990234375,70.87,71.447998046875,14.174000000000001,9.158001953125
2024-06-14,78.39,35.36000061035156,68.53,70.720001220703125,13.706000000000001,-6.036001220703126
2024-06-17,94.34,34.209999084472656,68.16,68.41999816894531,13.632,12.288001831054691
2024-06-18,96.2,34.70000076293945,68.38,69.4000015258789,13.676,13.123998474121096
2024-06-20,93.8,34.4640007019043,69.19,68.9280014038086,13.838000000000001,11.033998596191402
2024-06-21,97.14,33.93600082397461,68.05,67.87200164794922,13.61,15.657998352050782
2024-06-24,92.09,34.08000183105469,67.56,68.160003662109375,13.512,10.417996337890628
2024-06-25,75.6,34.85300064086914,67.8,69.70600128173828,13.56,-7.666001281738287
2024-06-26,103.01,33.82400131225586,67.23,67.64800262451172,13.446000000000002,21.915997375488285
2024-06-27,91.79,34.564998626708984,66.49,69.12999725341797,13.298,9.362002746582037
2024-06-28,63.05,34.47999954223633,67.36,68.95999908447266,13.472000000000001,-19.38199908447266
2024-07-01,91.89,33.48500061035156,68.33,66.970001220703125,13.666,11.253998779296875
2024-07-02,85.68,33.685001373291016,70.93,67.37000274658203,14.186000000000002,4.123997253417974
2024-07-03,87.62,32.691001892089844,70.91,65.38200378417969,14.182,8.055996215820317
2024-07-05,36.99,33.06700134277344,70.35,66.134002685546875,14.07,-43.21400268554687
2024-07-08,88.42,32.2859992980957,69.04,64.5719985961914,13.808000000000002,10.040001403808594
2024-07-09,77.69,31.334999084472656,68.52,62.66999816894531,13.704,1.3160018310546846
2024-07-10,79.01,30.784000396728516,67.96,61.56800079345703,13.591999999999999,3.849999206542975
2024-07-11,91.27,31.11199951171875,68.52,62.2239990234375,13.704,15.342000976562495
2024-07-12,90.6,31.7189998626709,69.35,63.4379997253418,13.87,13.292000274658198
2024-07-15,77.67,31.371000289916992,67.58,62.742000579833984,13.516,1.4119994201660173
2024-07-16,50.3,32.797000885009766,67.94,65.59400177001953,13.588000000000001,-28.882001770019535
2024-07-17,76.38,31.89299964904785,66.42,63.7859992980957,13.284,-0.6899992980957084
2024-07-18,90.74,32.67399978637695,66.11,65.3479995727539,13.222000000000001,12.170000427246087
2024-07-19,85.9,32.16999816894531,66,64.339996337890625,13.200000000000001,8.36000366210938
2024-07-22,91.23,31.839000701904297,64.79,63.678001403808594,12.958000000000002,14.593998596191408
2024-07-23,79.51,31.621999740600586,65.79,63.24399948120117,13.158000000000001,3.108000518798832
2024-07-24,65.86,32.62099838256836,68.9,65.24199676513672,13.780000000000001,-13.16199676513672
2024-07-25,79.28,31.77899932861328,67.08,63.55799865722656,13.416,2.3060013427734383
2024-07-26,90.95,32.474998474121094,67.71,64.94999694824219,13.542,12.458003051757816
2024-07-29,71.62,33.87300109863281,68.78,67.746002197265625,13.756,-9.88200219726562
2024-07-30,77.24,34.361000061035156,68.58,68.72200012207031,13.716000000000001,-5.198000122070319
2024-07-31,79.4,35.86800003051758,69.24,71.73600006103516,13.847999999999999,-6.1840000610351495
2024-08-01,94.87,36.96900177001953,71.17,73.93800354003906,14.234000000000002,6.69799645996094
2024-08-02,93.81,36.64899826049805,70.44,73.2979965209961,14.088000000000001,6.424003479003908
2024-08-05,99.86,35.49800109863281,68.86,70.996002197265625,13.772,15.091997802734374
2024-08-06,86.98,36.67599868774414,69.92,73.35199737548828,13.984000000000002,-0.35599737548827903
2024-08-07,92.91,38.45100021362305,70.57,76.9020004272461,14.113999999999999,1.8939995727539038
2024-08-08,93.15,40.095001220703125,71.06,80.19000244140625,14.212000000000002,-1.2520024414062458
2024-08-09,53.32,40.395999908447266,70.14,80.79199981689453,14.028,-41.49999981689453
2024-08-12,92.06,39.65800094604492,72.65,79.31600189208984,14.530000000000001,-1.7860018920898426
2024-08-13,99.74,39.47999954223633,71.29,78.95999908447266,14.258000000000003,6.522000915527336
2024-08-14,108.01,38.96699905395508,71.87,77.93399810791016,14.374000000000002,15.702001892089847
2024-08-15,85.53,39.60100173950195,72.11,79.2020034790039,14.422,-8.094003479003906
2024-08-16,108.04,39.64400100708008,72.52,79.28800201416016,14.504,14.24799798583985
2024-08-19,108.2,39.845001220703125,73.14,79.69000244140625,14.628,13.881997558593753
2024-08-20,92.11,37.957000732421875,73.07,75.91400146484375,14.613999999999999,1.5819985351562504
2024-08-21,52.62,37.0099983215332,72.14,74.0199966430664,14.428,-35.82799664306641
2024-08-22,63.04,36.58700180053711,71.57,73.17400360107422,14.314,-24.44800360107422
2024-08-23,39.13,36.862998962402344,71.13,73.72599792480469,14.225999999999999,-48.821997924804684
2024-08-26,99.59,37.65599822998047,70.49,75.31199645996094,14.097999999999999,10.180003540039067
2024-08-27,90.9,38.68899917602539,71.49,77.37799835205078,14.298,-0.7759983520507756
2024-08-28,95.92,38.52000045776367,70.77,77.04000091552734,14.154,4.725999084472658
2024-08-29,112.91,38.60100173950195,71.06,77.2020034790039,14.212000000000002,21.495996520996087
2024-08-30,106.64,39.823001861572266,70.3,79.64600372314453,14.06,12.933996276855469
2024-09-03,158.39,37.19300079345703,68.16,74.38600158691406,13.632,70.37199841308592
2024-09-04,125.84,35.79800033569336,67,71.59600067138672,13.4,40.843999328613286
2024-09-05,64.42,36.19499969482422,66.2,72.38999938964844,13.240000000000002,-21.209999389648438
2024-09-06,76.13,36.479000091552734,66.5,72.95800018310547,13.3,-10.128000183105474
2024-09-09,99.73,37.33300018310547,66.52,74.66600036621094,13.304,11.759999633789066
2024-09-10,59.04,35.28200149536133,64.92,70.56400299072266,12.984000000000002,-24.50800299072266
2024-09-11,80.94,36.141998291015625,66.4,72.28399658203125,13.280000000000001,-4.623996582031253
2024-09-12,112.34,35.191001892089844,65.45,70.38200378417969,13.090000000000002,28.867996215820313
2024-09-13,90.81,35.64799880981445,64.99,71.2959976196289,12.998,6.516002380371097
2024-09-16,97.47,34.08100128173828,63.21,68.16200256347656,12.642000000000001,16.665997436523433
2024-09-17,88.89,35.547000885009766,64.34,71.09400177001953,12.868000000000002,4.927998229980467
2024-09-18,77.98,35.244998931884766,63.7,70.48999786376953,12.740000000000002,-5.249997863769529
2024-09-19,77.87,33.08300018310547,62.82,66.16600036621094,12.564,-0.860000366210933
2024-09-20,73.37,34.444000244140625,63.39,68.88800048828125,12.678,-8.196000488281246
2024-09-23,121.36,36.21099853515625,64.1,72.4219970703125,12.82,36.1180029296875
2024-09-24,91.77,35.41299819946289,63.87,70.82599639892578,12.774000000000001,8.170003601074214
2024-09-25,75.14,37.319000244140625,65.24,74.63800048828125,13.048,-12.54600048828125
2024-09-26,55,37.88999938964844,66.52,75.779998779296875,13.304,-34.08399877929688
2024-09-27,14.76,38.11399841308594,66.33,76.227996826171875,13.266,-74.73399682617188
2024-09-30,33.32,39.04399871826172,65.56,78.08799743652344,13.112000000000002,-57.87999743652344
2024-10-01,67.84,39.27299880981445,63.61,78.5459976196289,12.722000000000001,-23.427997619628904
2024-10-02,95.86,38.617000579833984,62.6,77.23400115966797,12.520000000000001,6.105998840332029
2024-10-03,72.66,39.9119987487793,62.76,79.8239974975586,12.552,-19.715997497558597
2024-10-04,96.13,40.97999954223633,62.05,81.95999908447266,12.41,1.760000915527339
2024-10-07,83.72,40.24399948120117,61.76,80.48799896240234,12.352,-9.119998962402345
2024-10-08,91.32,38.91899871826172,60.29,77.83799743652344,12.058,1.4240025634765558
2024-10-09,83.07,38.340999603271484,62.01,76.68199920654297,12.402000000000001,-6.013999206542977
2024-10-10,59.73,40.292999267578125,65,80.58599853515625,13,-33.85599853515625
2024-10-11,95.2,39.87900161743164,64.62,79.75800323486328,12.924000000000001,2.5179967651367203
2024-10-14,105.59,40.558998107910156,65.97,81.11799621582031,13.194,11.27800378417969
2024-10-15,95,39.972999572753906,65.09,79.94599914550781,13.018,2.036000854492187
2024-10-16,35.08,39.24100112915039,63.03,78.48200225830078,12.606000000000002,-56.008002258300785
2024-10-17,71.52,39.650001525878906,62.98,79.30000305175781,12.596,-20.376003051757817
2024-10-18,102.27,39.20399856567383,62.28,78.40799713134766,12.456000000000001,11.406002868652338
2024-10-21,83.04,40.02399826049805,61.76,80.0479965209961,12.352,-9.359996520996088
2024-10-22,103.01,40.70399856567383,62.25,81.40799713134766,12.450000000000001,9.152002868652348
2024-10-23,112,41.380001068115234,64.89,82.76000213623047,12.978000000000002,16.26199786376953
2024-10-24,101.68,42.15399932861328,66.63,84.30799865722656,13.326,4.046001342773444
2024-10-25,112.72,43.51300048828125,66.97,87.0260009765625,13.394,12.299999023437499
2024-10-28,111.35,42.51900100708008,66.4,85.03800201416016,13.280000000000001,13.031997985839837
2024-10-29,141.18,42.86899948120117,67.28,85.73799896240234,13.456000000000001,41.98600103759766
2024-10-30,124.69,40.90299987792969,65.47,81.805999755859375,13.094000000000001,29.79000024414062
2024-10-31,105.79,40.5880012512207,64.58,81.1760025024414,12.916,11.6979974975586
2024-11-01,75.06,39.17499923706055,63.87,78.3499984741211,12.774000000000001,-16.063998474121092
2024-11-04,125.87,40.30099868774414,65.22,80.60199737548828,13.044,32.224002624511726
2024-11-05,164.79,40.492000579833984,64.3,80.98400115966797,12.86,70.94599884033202
2024-11-06,231.09,40.38800048828125,63.76,80.7760009765625,12.752,137.5619990234375
2024-11-07,159.62,41.2760009765625,66.04,82.552001953125,13.208000000000002,63.859998046875006
2024-11-08,113.39,42.409000396728516,68.02,84.81800079345703,13.604,14.96799920654297
2024-11-11,121.77,43.72800064086914,67.57,87.45600128173828,13.514,20.799998718261715
2024-11-12,166.12,44.255001068115234,67.53,88.51000213623047,13.506,64.10399786376954
2024-11-13,150.09,43.66600036621094,66.31,87.332000732421875,13.262,49.49599926757813
2024-11-14,122.02,46.2239990234375,68.27,92.447998046875,13.654,15.918001953124996
2024-11-15,124.17,46.55099868774414,68.01,93.10199737548828,13.602000000000002,17.466002624511717
2024-11-18,104.59,46.900001525878906,69.51,93.80000305175781,13.902000000000001,-3.11200305175781
2024-11-19,123.99,45.667999267578125,68.13,91.33599853515625,13.626,19.028001464843747
2024-11-20,115.03,46.79600143432617,68.38,93.59200286865234,13.676,7.761997131347657
2024-11-21,123.32,48.303001403808594,69.99,96.60600280761719,13.998,12.715997192382806
2024-11-22,111.3,47.018001556396484,69.27,94.03600311279297,13.854,3.409996887207029
2024-11-25,55.01,47.733001708984375,69.86,95.46600341796875,13.972000000000001,-54.42800341796875
2024-11-26,112.75,47.215999603271484,69.23,94.43199920654297,13.846000000000002,4.472000793457029
2024-11-27,119.99,46.762001037597656,68.47,93.52400207519531,13.694,12.771997924804682
2024-11-29,130.25,47.81100082397461,68.4,95.62200164794922,13.680000000000001,20.94799835205078
2024-12-02,109.15,48.654998779296875,68.83,97.30999755859375,13.766,-1.9259975585937443
2024-12-03,144.07,48.55699920654297,68.49,97.11399841308594,13.698,33.258001586914055
2024-12-04,182.47,47.04600143432617,67.86,94.09200286865234,13.572000000000001,74.80599713134765
2024-12-05,106.2,46.55099868774414,67.34,93.10199737548828,13.468000000000002,-0.36999737548828016
2024-12-06,86.37,46.47999954223633,68.31,92.95999908447266,13.662,-20.25199908447265
2024-12-09,99.59,44.85499954223633,66.37,89.70999908447266,13.274000000000001,-3.3939990844726537
2024-12-10,149.93,45.551998138427734,68.89,91.10399627685547,13.778,45.04800372314454
2024-12-11,266.54,44.694000244140625,69.36,89.38800048828125,13.872,163.27999951171876
2024-12-12,395.34,42.80400085449219,66.81,85.608001708984375,13.362000000000002,296.3699982910156
2024-12-13,178.47,41.21500015258789,65.11,82.43000030517578,13.022,83.01799969482421
2024-12-16,48.67,40.277000427246094,63.97,80.55400085449219,12.794,-44.67800085449218
2024-12-17,86.3,42.064998626708984,62.96,84.12999725341797,12.592,-10.421997253417972
2024-12-18,54.97,41.00699996948242,63.6,82.01399993896484,12.72,-39.763999938964844
2024-12-19,52.03,43.077999114990234,66.36,86.15599822998047,13.272,-47.397998229980466
2024-12-20,76.37,44.130001068115234,66.85,88.26000213623047,13.37,-25.26000213623046
2024-12-23,59.1,45.54499816894531,68.29,91.089996337890625,13.658000000000001,-45.647996337890625
2024-12-24,102.49,45.73099899291992,68.08,91.46199798583984,13.616,-2.5879979858398485
2024-12-27,121.71,47.73099899291992,70.15,95.46199798583984,14.030000000000001,12.218002014160149
2024-12-30,78.16,47.632999420166016,70.58,95.26599884033203,14.116,-31.221998840332034
2024-12-31,62.1,48.888999938964844,71.57,97.77799987792969,14.314,-49.991999877929686
2025-01-02,92.91,50.27299880981445,73.74,100.5459976196289,14.748,-22.383997619628907
2025-01-03,89.94,49.62200164794922,74.45,99.24400329589844,14.89,-24.19400329589844
2025-01-06,25.16,47.32600021362305,72.87,94.6520004272461,14.574000000000002,-84.0660004272461
2025-01-07,58.29,47.4739990234375,72.56,94.947998046875,14.512,-51.169998046875
2025-01-08,104.53,45.558998107910156,70.7,91.11799621582031,14.14,-0.7279962158203119
2025-01-09,121.53,44.98699951171875,71.98,89.9739990234375,14.396,17.1600009765625
2025-01-10,112.43,45.007999420166016,73.34,90.01599884033203,14.668000000000001,7.7460011596679745
2025-01-13,129.2,48.26100158691406,75.34,96.522003173828125,15.068000000000001,17.609996826171862
2025-01-14,126.82,46.946998596191406,75.36,93.89399719238281,15.072000000000001,17.854002807617178
2025-01-15,222.18,47.00600051879883,76.34,94.01200103759766,15.268,112.89999896240235
2025-01-16,148.1,46.24100112915039,76.69,92.48200225830078,15.338000000000001,40.27999774169921
2025-01-17,146.32,46.887001037597656,77.6,93.77400207519531,15.52,37.025997924804685
2025-01-21,168.46,50.027000427246094,78.6,100.05400085449219,15.719999999999999,52.68599914550782
2025-01-22,161.45,48.715999603271484,77.29,97.43199920654297,15.458000000000002,48.56000079345702
2025-01-23,103.94,49.12300109863281,79.06,98.246002197265625,15.812000000000001,-10.118002197265628
2025-01-24,78.9,49.70199966430664,79.95,99.40399932861328,15.990000000000002,-36.49399932861328
2025-01-27,60.17,47.86199951171875,77.65,95.7239990234375,15.530000000000001,-51.0839990234375
2025-01-28,106.37,48.2239990234375,78.55,96.447998046875,15.71,-5.787998046874996
2025-01-29,108.13,51.15599822998047,81.18,102.31199645996094,16.236,-10.417996459960943
2025-01-30,131.53,51.72600173950195,80.91,103.4520034790039,16.182,11.895996520996096
2025-01-31,141.02,53.23699951171875,82.19,106.4739990234375,16.438,18.10800097656251
2025-02-03,154.51,53.79399871826172,79.3,107.58799743652344,15.86,31.062002563476554
2025-02-04,142.42,52.04800033569336,79.23,104.09600067138672,15.846000000000002,22.477999328613265
2025-02-05,141.77,53.4379997253418,79.49,106.8759994506836,15.898,18.996000549316417
2025-02-06,150.09,54.50199890136719,80.3,109.00399780273438,16.06,25.02600219726563
2025-02-07,121.18,55.722999572753906,80.65,111.44599914550781,16.130000000000003,-6.395999145507808
2025-02-10,121.84,58.03900146484375,81.29,116.0780029296875,16.258000000000003,-10.4960029296875
2025-02-11,120.01,57.76599884033203,80.92,115.53199768066406,16.184,-11.705997680664058
2025-02-12,154.32,55.6609992980957,78.64,111.3219985961914,15.728000000000002,27.270001403808585
2025-02-13,172.12,51.382999420166016,76.44,102.76599884033203,15.288,54.06600115966798
2025-02-14,179.14,50.685001373291016,78.12,101.37000274658203,15.624000000000002,62.14599725341795
2025-02-18,132.45,49.21500015258789,74.16,98.43000030517578,14.832,19.187999694824207
2025-02-19,110.83,48.263999938964844,72.47,96.52799987792969,14.494,-0.19199987792968898
2025-02-20,94.95,47.49399948120117,71.13,94.98799896240234,14.225999999999999,-14.26399896240234
2025-02-21,90.8,47.19499969482422,72.37,94.38999938964844,14.474000000000002,-18.063999389648444
2025-02-24,91.05,47.14400100708008,72.14,94.28800201416016,14.428,-17.66600201416016
2025-02-25,139.76,44.29100036621094,70.26,88.582000732421875,14.052000000000001,37.125999267578116
2025-02-26,135.69,41.33599853515625,69.56,82.6719970703125,13.912,39.1060029296875
2025-02-27,126.03,44.93000030517578,71.32,89.86000061035156,14.264,21.90599938964844
2025-02-28,128.77,44.31999969482422,69.56,88.63999938964844,13.912,26.218000610351574
2025-03-03,106.45,45.2130012512207,70.12,90.4260025024414,14.024000000000001,1.9999974975585957
2025-03-04,107.77,43.4640007019043,67.13,86.9280014038086,13.426,7.415998596191402
2025-03-05,78.55,41.507999420166016,67.4,83.01599884033203,13.480000000000002,-17.945998840332038
2025-03-06,89.82,38.2400016784668,65.93,76.4800033569336,13.186000000000002,0.1539966430663977
2025-03-07,103.99,39.97100067138672,67.21,79.94200134277344,13.442,10.605998657226557
2025-03-10,112.86,41.231998443603516,67.57,82.46399688720703,13.514,16.88200311279297
2025-03-11,125.3,42.709999084472656,66.85,85.41999816894531,13.37,26.510001831054687
2025-03-12,124.87,42.25400161743164,68.21,84.50800323486328,13.642,26.719996765136724
2025-03-13,125.14,42.07600021362305,69.17,84.1520004272461,13.834000000000001,27.153999572753904
2025-03-14,121.23,42.290000915527344,69.56,84.58000183105469,13.912,22.737998168945317
2025-03-17,99.11,41.24800109863281,68.69,82.496002197265625,13.738,2.875997802734375
2025-03-18,90.14,40.755001068115234,69.88,81.51000213623047,13.975999999999999,-5.346002136230467
2025-03-19,104.39,43.35499954223633,71.96,86.70999908447266,14.392,3.288000915527345
2025-03-20,108.3,42.85499954223633,71.54,85.70999908447266,14.308000000000002,8.28200091552734
2025-03-21,73.52,42.60499954223633,70.01,85.20999908447266,14.002000000000002,-25.691999084472663
2025-03-24,129.88,42.74800109863281,70.58,85.496002197265625,14.116,30.26799780273437
2025-03-25,111.78,41.55500030517578,69.53,83.11000061035156,13.906,14.763999389648438
2025-03-26,114.53,40.869998931884766,69.91,81.73999786376953,13.982,18.80800213623047
2025-03-27,98.97,41.20199966430664,67.66,82.40399932861328,13.532,3.0340006713867176
2025-03-28,88.34,40.58700180053711,67.91,81.17400360107422,13.582,-6.416003601074216
2025-03-31,104.4,40.66699981689453,67.13,81.33399963378906,13.426,9.640000366210943
2025-04-01,94.22,42.45000076293945,68.98,84.9000015258789,13.796000000000001,-4.4760015258789085
2025-04-02,61.62,41.26300048828125,67.69,82.5260009765625,13.538,-34.444000976562506
2025-04-03,77.5,39.202999114990234,65.25,78.40599822998047,13.05,-13.95599822998047
2025-04-04,89.91,36.4010009765625,63.08,72.802001953125,12.616,4.491998046874997
2025-04-07,96.13,37,62.12,74,12.424,9.705999999999996
2025-04-08,98.75,36.23099899291992,61.3,72.46199798583984,12.26,14.028002014160156
2025-04-09,91.56,33.66600036621094,60.23,67.332000732421875,12.046,12.181999267578128
2025-04-10,85.52,33.292999267578125,61.38,66.58599853515625,12.276000000000002,6.6580014648437444
2025-04-11,64.63,33.4630012512207,64.08,66.9260025024414,12.816,-15.112002502441412
2025-04-14,98.16,34.499000549316406,65.74,68.99800109863281,13.148,16.013998901367184
2025-04-15,70.04,34.40700149536133,65.42,68.81400299072266,13.084000000000001,-11.858002990722651
2025-04-16,89.58,35.3120002746582,66.18,70.6240005493164,13.236000000000002,5.71999945068359
2025-04-17,98.49,35.65700149536133,65.12,71.31400299072266,13.024000000000001,14.151997009277338
2025-04-22,112.64,34.24399948120117,63.66,68.48799896240234,12.732,31.420001037597658
2025-04-23,109.48,34.15999984741211,66.15,68.31999969482422,13.230000000000002,27.93000030517578
2025-04-24,96.8,33.57400131225586,65.58,67.14800262451172,13.116,16.53599737548828
2025-04-25,88.53,32.43199920654297,65.69,64.86399841308594,13.138,10.528001586914064
2025-04-28,75.75,32.39799880981445,64.58,64.7959976196289,12.916,-1.9619976196289066
2025-04-29,73.2,31.856000900268555,64.11,63.71200180053711,12.822000000000001,-3.3340018005371075
2025-04-30,74.96,32.31700134277344,65.82,64.634002685546875,13.164,-2.838002685546881
2025-05-01,44.97,32.14899826049805,66.28,64.2979965209961,13.256,-32.583996520996095
2025-05-02,62.79,33.077999114990234,68,66.15599822998047,13.600000000000001,-16.96599822998047
2025-05-05,87.4,32.93000030517578,66.73,65.86000061035156,13.346000000000002,8.193999389648441
2025-05-06,90.96,34.74300003051758,68.49,69.48600006103516,13.698,7.775999938964837
2025-05-07,98.93,34.53099822998047,70.27,69.06199645996094,14.054,15.814003540039069
2025-05-08,103.18,35.340999603271484,69.93,70.68199920654297,13.986000000000002,18.512000793457034
2025-05-09,81.11,34.61800003051758,69.6,69.23600006103516,13.92,-2.0460000610351567
2025-05-12,69.61,35.38999938964844,72.57,70.779998779296875,14.514,-15.683998779296875
2025-05-13,79.5,35.74399948120117,72.06,71.48799896240234,14.412,-6.399998962402345
2025-05-14,69.06,35.04800033569336,71.49,70.09600067138672,14.298,-15.334000671386717
2025-05-15,66.24,35.29399871826172,72.58,70.58799743652344,14.516,-18.86399743652344
2025-05-16,73.4,35.15599822998047,70.16,70.31199645996094,14.032,-10.943996459960932
2025-05-19,95.54,35.224998474121094,69.61,70.44999694824219,13.922,11.168003051757818
2025-05-20,91.14,36.979000091552734,72.34,73.95800018310547,14.468000000000002,2.71399981689453
2025-05-21,71.35,36.62099838256836,71.9,73.24199676513672,14.380000000000003,-16.271996765136727
2025-05-22,61.22,36.35599899291992,71.31,72.71199798583984,14.262,-25.753997985839845
2025-05-23,82.57,36.45000076293945,70.76,72.9000015258789,14.152000000000001,-4.482001525878914
2025-05-27,61.85,37.00600051879883,70.95,74.01200103759766,14.190000000000001,-26.352001037597656
2025-05-28,84.19,36.6870002746582,71.26,73.3740005493164,14.252000000000002,-3.436000549316411
2025-05-29,56.29,35.15800094604492,70.15,70.31600189208984,14.030000000000001,-28.056001892089846
2025-05-30,48.19,34.22800064086914,69.61,68.45600128173828,13.922,-34.18800128173828
2025-06-02,87.04,35.01499938964844,70.1,70.029998779296875,14.02,2.9900012207031317
2025-06-03,71.69,35.847999572753906,71.78,71.69599914550781,14.356000000000002,-14.361999145507816
2025-06-04,83.11,35.650001525878906,71.8,71.30000305175781,14.36,-2.5500030517578125
2025-06-05,80.16,36.393001556396484,71.91,72.78600311279297,14.382,-7.008003112792972
2025-06-06,48.63,36.250999450683594,72.67,72.50199890136719,14.534,-38.405998901367184
2025-06-09,33.31,35.60499954223633,73.41,71.20999908447266,14.682,-52.581999084472656
2025-06-10,54.12,34.63800048828125,71.86,69.2760009765625,14.372,-29.528000976562502
2025-06-11,71.6,35.91299819946289,73.53,71.82599639892578,14.706000000000001,-14.931996398925788
2025-06-12,59.28,36.176998138427734,74.56,72.35399627685547,14.912,-27.985996276855467
2025-06-13,52.09,37.89400100708008,75.09,75.78800201416016,15.018,-38.71600201416015
2025-06-16,81.1,37.90599822998047,74.49,75.81199645996094,14.898,-9.609996459960943
2025-06-17,84.65,39.308998107910156,73.79,78.61799621582031,14.758000000000003,-8.72599621582031
2025-06-18,79.82,38.69300079345703,73.76,77.38600158691406,14.752000000000002,-12.318001586914072
2025-06-20,87.05,40.92900085449219,72.14,81.858001708984375,14.428,-9.236001708984379
2025-06-23,38.74,40.52199935913086,73.27,81.04399871826172,14.654,-56.95799871826172
2025-06-24,47.22,35.6150016784668,73.54,71.2300033569336,14.708000000000002,-38.71800335693359
2025-06-25,80.15,35.4010009765625,71.15,70.802001953125,14.230000000000002,-4.8820019531249965
2025-06-26,91.36,34.02399826049805,70.4,68.0479965209961,14.080000000000002,9.232003479003904
2025-06-27,81.19,33.08700180053711,70.96,66.17400360107422,14.192,0.8239963989257788
2025-06-30,102.42,32.89799880981445,68.97,65.7959976196289,13.794,22.830002380371095
2025-07-01,138.36,33.69300079345703,70.58,67.38600158691406,14.116,56.85799841308595
2025-07-02,103.89,33.590999603271484,71.93,67.18199920654297,14.386000000000003,22.32200079345703
2025-07-03,86.47,33.62099838256836,72.06,67.24199676513672,14.412,4.816003234863279
2025-07-04,79.62,33.43000030517578,71.67,66.86000061035156,14.334000000000001,-1.5740006103515594
2025-07-07,99.97,33.62099838256836,71.2,67.24199676513672,14.240000000000002,18.488003234863278
2025-07-08,90.01,34.21900177001953,70.42,68.43800354003906,14.084000000000001,7.487996459960941
2025-07-09,91.8,34.30400085449219,70.39,68.608001708984375,14.078000000000001,9.113998291015621
2025-07-10,90.41,35.16999816894531,70.74,70.339996337890625,14.148,5.922003662109372
2025-07-11,87.88,35.56100082397461,70.55,71.12200164794922,14.11,2.6479983520507773
2025-07-14,98.47,35.45399856567383,70.42,70.90799713134766,14.084000000000001,13.478002868652341
2025-07-15,90.82,34.44499969482422,71.51,68.88999938964844,14.302000000000001,7.628000610351554
2025-07-16,95.75,34.808998107910156,71.31,69.61799621582031,14.262,11.870003784179687
2025-07-17,92.61,34.40700149536133,70.55,68.81400299072266,14.11,9.685997009277344
2025-07-18,100.93,33.595001220703125,69.89,67.19000244140625,13.978000000000002,19.761997558593755
2025-07-21,100.23,33.159000396728516,69.83,66.31800079345703,13.966000000000001,19.94599920654297
2025-07-22,78.38,33.111000061035156,69.11,66.22200012207031,13.822000000000001,-1.664000122070318
2025-07-23,78.25,32.689998626708984,69.36,65.37999725341797,13.872,-1.0019972534179686
2025-07-24,102.55,32.358001708984375,70.88,64.71600341796875,14.176,23.657996582031245
2025-07-25,97.43,32.499000549316406,71.34,64.99800109863281,14.268,18.163998901367194
2025-07-28,94.08,32.89899826049805,70.65,65.7979965209961,14.130000000000003,14.152003479003902
2025-07-29,76.95,34.10300064086914,73.08,68.20600128173828,14.616,-5.872001281738278
2025-07-30,75.95,34.5369987487793,72.86,69.0739974975586,14.572000000000001,-7.695997497558592
2025-07-31,85.52,35.27899932861328,72.66,70.55799865722656,14.532,0.4300013427734335
2025-08-01,93.19,33.97200012207031,71.04,67.944000244140625,14.208000000000002,11.03799975585937
2025-08-04,63.46,34.28300094604492,70.85,68.56600189208984,14.17,-19.276001892089845
2025-08-05,36.05,34.40599822998047,71.59,68.81199645996094,14.318000000000001,-47.07999645996094
2025-08-06,61.94,33.25699996948242,70.99,66.51399993896484,14.198,-18.771999938964846
2025-08-07,71.79,32.95100021362305,71.77,65.9020004272461,14.354,-8.466000427246087
2025-08-08,76.16,32.44599914550781,73.21,64.891998291015625,14.642,-3.373998291015628
2025-08-11,84.48,32.999000549316406,72.37,65.99800109863281,14.474000000000002,4.0079989013671895
2025-08-12,84.95,32.409000396728516,71.5,64.81800079345703,14.3,5.831999206542971
2025-08-13,99.83,32.599998474121094,71.74,65.19999694824219,14.347999999999999,20.282003051757812
2025-08-14,105.06,32.14099884033203,70.96,64.28199768066406,14.192,26.58600231933594
2025-08-15,73.61,31.0310001373291,70.68,62.0620002746582,14.136000000000003,-2.5880002746582065
2025-08-18,91.53,31.27199935913086,71.82,62.54399871826172,14.363999999999999,14.622001281738283
2025-08-19,82.39,31.226999282836914,71.16,62.45399856567383,14.232,5.704001434326173
2025-08-20,91.01,31.9060001373291,71.29,63.8120002746582,14.258000000000003,12.9399997253418
2025-08-21,92.68,33.17499923706055,72.62,66.3499984741211,14.524000000000001,11.806001525878912
2025-08-22,73.69,33.573001861572266,72.53,67.14600372314453,14.506,-7.962003723144534
2025-08-25,89.09,33.77399826049805,72.19,67.5479965209961,14.438,7.104003479003909
2025-08-26,99.79,33.459999084472656,72.75,66.91999816894531,14.55,18.320001831054693
2025-08-27,104.62,32.55099868774414,72.24,65.10199737548828,14.448,25.070002624511723
2025-08-28,115.89,31.55900001525879,71.72,63.11800003051758,14.344000000000001,38.42799996948242
2025-08-29,94.12,31.621999740600586,72.99,63.24399948120117,14.597999999999999,16.278000518798834
