"Date","Price","Open","High","Low","Vol.","Change %"
"09/11/2026","85.52","85.77","86.66","85.00","22.52K","-0.35%"
"09/10/2026","85.82","85.50","86.22","84.97","23.56K","0.29%"
"09/09/2026","85.57","85.41","86.40","84.81","26.23K","0.18%"
"09/08/2026","85.42","84.85","86.00","84.66","20.67K","0.80%"
"09/07/2026","84.74","84.20","85.34","83.91","15.43K","0.67%"
"09/04/2026","84.18","83.49","84.91","83.28","22.75K","0.78%"
"09/03/2026","83.53","84.10","84.10","83.02","17.22K","-0.64%"
"09/02/2026","84.07","83.38","84.50","82.74","26.90K","0.88%"
"09/01/2026","83.34","83.08","83.55","81.89","23.80K","0.29%"
"08/31/2026","83.10","82.78","83.39","81.86","15.21K","0.45%"
"08/28/2026","82.73","82.42","83.10","82.31","10.29K","0.38%"
"08/27/2026","82.42","82.84","83.00","82.00","14.07K","-0.31%"
"08/26/2026","82.68","84.50","84.72","82.41","17.35K","-2.06%"
"08/25/2026","84.42","83.70","84.69","83.60","14.48K","0.74%"
"08/24/2026","83.80","82.60","84.43","82.26","18.42K","1.44%"
"08/21/2026","82.61","82.21","83.75","82.10","17.15K","0.19%"
"08/20/2026","82.45","81.81","82.66","81.30","15.69K","0.91%"
"08/19/2026","81.71","81.89","82.78","81.40","17.66K","-0.73%"
"08/18/2026","82.31","81.49","82.41","80.98","15.32K","0.89%"
"08/17/2026","81.58","82.22","82.24","81.10","13.90K","-0.26%"
"08/14/2026","81.79","82.73","83.23","81.72","13.30K","-1.15%"
"08/13/2026","82.74","82.15","82.91","81.62","13.13K","0.91%"
"08/12/2026","81.99","82.71","82.89","81.75","12.82K","-0.55%"
"08/11/2026","82.44","82.20","83.50","81.67","16.24K","0.21%"
"08/10/2026","82.27","83.26","83.34","81.60","17.10K","-1.22%"
"08/07/2026","83.29","81.99","83.77","81.89","17.64K","1.71%"
"08/06/2026","81.89","81.54","82.35","80.97","16.76K","0.99%"
"08/05/2026","81.09","81.27","81.84","80.54","19.36K","-0.31%"
"08/04/2026","81.34","81.18","82.36","80.86","14.51K","0.59%"
"08/03/2026","80.86","81.35","81.68","80.57","15.51K","-0.49%"
"07/31/2026","81.26","82.00","82.69","81.16","13.89K","-0.04%"
"07/30/2026","81.29","81.88","82.50","81.10","15.35K","-0.89%"
"07/29/2026","82.02","82.15","82.75","81.50","14.29K","0.35%"
"07/28/2026","81.73","82.31","82.80","81.03","18.72K","-0.73%"
"07/27/2026","82.33","83.75","84.19","82.00","18.93K","-1.28%"
"07/24/2026","83.40","84.11","84.50","82.82","17.59K","-0.57%"
"07/23/2026","83.88","86.40","86.66","83.48","29.56K","-3.17%"
"07/22/2026","86.63","83.09","86.91","83.09","32.65K","4.12%"
"07/21/2026","83.20","83.95","84.14","82.26","23.60K","-0.08%"
"07/20/2026","83.27","79.20","84.00","78.76","32.28K","5.26%"
"07/17/2026","79.11","78.95","80.98","76.92","35.39K","-0.10%"
"07/16/2026","79.19","80.88","81.18","78.60","26.05K","-2.43%"
"07/15/2026","81.16","81.32","82.18","80.59","25.66K","-0.28%"
"07/14/2026","81.39","80.36","81.58","79.73","22.58K","1.60%"
"07/13/2026","80.11","79.20","80.47","78.41","18.14K","1.15%"
"07/10/2026","79.20","79.04","79.50","78.50","13.21K","0.20%"
"07/09/2026","79.04","79.07","79.43","78.51","17.73K","0.00%"
"07/08/2026","79.04","80.39","80.60","78.36","27.02K","-1.43%"
"07/07/2026","80.19","81.88","81.88","80.03","20.19K","-1.96%"
"07/06/2026","81.79","80.70","82.00","79.80","21.61K","1.48%"
"07/03/2026","80.60","79.47","80.75","79.25","15.71K","1.45%"
"07/02/2026","79.45","79.56","80.15","79.00","13.77K","-0.11%"
"07/01/2026","79.54","79.97","80.26","79.25","13.44K","-0.77%"
"06/30/2026","80.16","79.00","80.66","78.63","18.91K","1.75%"
"06/29/2026","78.78","80.19","80.69","78.31","26.47K","-1.87%"
"06/26/2026","80.28","80.70","81.07","80.01","16.21K","-0.35%"
"06/25/2026","80.56","81.10","82.24","80.44","22.83K","-0.27%"
"06/24/2026","80.78","80.71","81.94","80.15","24.80K","0.09%"
"06/23/2026","80.71","81.75","82.28","80.30","22.51K","-1.05%"
"06/22/2026","81.57","80.50","81.92","79.90","21.37K","2.57%"
"06/19/2026","79.53","78.44","79.61","78.20","1.79K","0.73%"
"06/18/2026","78.95","78.97","79.51","78.60","0.71K","0.27%"
"06/17/2026","78.74","79.29","79.82","78.49","0.45K","-0.09%"
"06/16/2026","78.81","79.00","79.30","78.10","1.14K","-0.23%"
"06/15/2026","78.99","77.15","78.93","76.74","0.96K","3.73%"
"06/12/2026","76.15","76.86","77.25","75.74","0.12K","0.04%"
"06/11/2026","76.12","76.15","76.28","75.50","0.08K","-0.46%"
"06/10/2026","76.47","74.98","76.92","74.60","0.29K","1.78%"
"06/09/2026","75.13","75.68","75.85","74.71","0.18K","-1.03%"
"06/08/2026","75.91","75.45","76.05","75.02","0.72K","0.01%"
"06/05/2026","75.90","75.70","76.52","75.48","7.17K","-0.17%"
"06/04/2026","76.03","77.63","77.69","75.86","2.00K","-1.96%"
"06/03/2026","77.55","78.08","79.22","77.59","1.15K","-1.15%"
"06/02/2026","78.45","78.00","78.38","77.18","2.43K","0.41%"
"06/01/2026","78.13","79.46","79.46","77.63","3.29K","-1.83%"
"05/29/2026","79.59","79.04","79.92","78.89","0.82K","0.59%"
"05/28/2026","79.12","77.49","79.30","77.49","0.71K","1.84%"
"05/27/2026","77.69","77.84","78.68","77.56","1.47K","0.87%"
"05/26/2026","77.02","75.69","77.50","75.69","0.15K","1.68%"
"05/25/2026","75.75","76.00","76.10","75.60","0.12K","-0.20%"
"05/22/2026","75.90","74.20","76.02","74.16","0.14K","2.68%"
"05/21/2026","73.92","74.54","74.59","73.90","0.15K","-0.61%"
"05/20/2026","74.37","74.00","74.76","73.86","0.65K","0.57%"
"05/19/2026","73.95","74.53","74.66","73.59","0.15K","-0.78%"
"05/18/2026","74.53","74.55","75.67","74.54","0.22K","-0.07%"
"05/15/2026","74.58","73.77","74.80","73.77","0.12K","0.69%"
"05/14/2026","74.07","74.26","74.26","73.74","0.17K","0.03%"
"05/13/2026","74.05","73.41","74.07","73.40","0.42K","-0.96%"
"05/12/2026","74.77","75.79","75.97","74.72","1.00K","-1.81%"
"05/11/2026","76.15","73.91","76.32","73.91","0.70K","2.70%"
"05/08/2026","74.15","73.98","74.73","73.96","1.39K","0.05%"
"05/07/2026","74.11","74.10","74.54","74.10","0.69K","-1.21%"
"05/06/2026","75.02","74.71","75.40","74.71","0.61K","0.48%"
"05/05/2026","74.66","72.14","74.72","71.77","1.07K","3.67%"
"05/04/2026","72.02","73.31","73.31","71.86","0.04K","-1.23%"
"05/01/2026","72.92","72.57","74.04","72.57","0.05K","0.19%"
"04/30/2026","72.78","71.78","72.59","71.54","0.01K","0.82%"
"04/29/2026","72.19","74.37","74.37","72.01","0.16K","-2.58%"
"04/28/2026","74.10","73.80","74.63","73.80","0.55K","0.47%"
"04/27/2026","73.75","73.59","74.39","73.51","0.43K","-0.23%"
"04/24/2026","73.92","73.82","74.50","73.68","0.33K","0.09%"
"04/23/2026","73.85","73.26","73.99","73.26","1.56K","0.59%"
"04/22/2026","73.42","74.76","74.76","73.31","0.32K","-1.73%"
"04/21/2026","74.71","74.80","75.03","73.81","1.40K","-0.57%"
"04/20/2026","75.14","75.69","75.69","74.77","0.26K","-1.74%"
"04/17/2026","76.47","74.00","76.48","74.00","5.43K","3.35%"
"04/16/2026","73.99","73.66","74.66","72.90","0.90K","1.15%"
"04/15/2026","73.15","73.72","74.17","73.19","1.03K","-0.96%"
"04/14/2026","73.86","71.51","73.82","71.44","0.48K","3.16%"
"04/13/2026","71.60","71.09","71.76","70.98","1.70K","-0.33%"
"04/10/2026","71.84","72.60","72.60","71.60","6.31K","-1.22%"
"04/09/2026","72.73","71.04","72.77","70.40","0.24K","2.84%"
"04/08/2026","70.72","72.12","72.12","70.54","0.29K","0.34%"
"04/07/2026","70.48","70.45","70.93","70.23","0.07K","-0.27%"
"04/02/2026","70.67","72.59","72.83","70.28","0.71K","-3.98%"
"04/01/2026","73.60","72.41","73.66","72.13","3.51K","2.98%"
"03/31/2026","71.47","71.61","71.80","71.26","0.51K","0.48%"
"03/30/2026","71.13","70.11","71.90","70.11","0.48K","0.71%"
"03/27/2026","70.63","70.27","71.03","70.08","0.80K","0.01%"
"03/26/2026","70.62","69.80","71.60","69.68","1.46K","1.26%"
"03/25/2026","69.74","71.13","71.68","67.60","0.54K","-0.67%"
"03/24/2026","70.21","67.90","70.16","67.72","1.04K","2.78%"
"03/23/2026","68.31","65.50","68.49","65.17","0.53K","2.37%"
"03/20/2026","66.73","65.66","68.31","65.66","1.52K","6.26%"
"03/19/2026","62.80","64.30","64.54","62.29","0.66K","-3.44%"
"03/18/2026","65.04","66.07","66.10","64.90","2.29K","-1.17%"
"03/17/2026","65.81","67.13","67.53","64.10","1.17K","-2.72%"
"03/16/2026","67.65","67.91","68.77","67.41","1.15K","-0.27%"
"03/13/2026","67.83","66.56","67.99","66.32","1.52K","0.64%"
"03/12/2026","67.40","70.35","71.21","66.60","3.12K","-4.36%"
"03/11/2026","70.47","71.94","72.91","69.97","2.69K","-1.50%"
"03/10/2026","71.54","70.35","71.90","70.35","3.86K","2.88%"
"03/09/2026","69.54","68.07","69.82","67.95","3.86K","0.45%"
"03/06/2026","69.23","68.96","70.11","68.77","1.96K","0.30%"
"03/05/2026","69.02","69.06","69.50","68.39","6.70K","-0.63%"
"03/04/2026","69.46","72.44","72.44","69.03","14.33K","-3.50%"
"03/03/2026","71.98","68.46","72.72","68.31","6.27K","3.87%"
"03/02/2026","69.30","67.95","69.25","66.75","2.68K","0.41%"
"02/27/2026","69.02","70.01","70.57","68.71","1.04K","-0.98%"
"02/26/2026","69.70","71.02","71.21","68.10","0.61K","-2.26%"
"02/25/2026","71.31","70.34","71.62","69.99","1.45K","2.72%"
"02/24/2026","69.42","70.03","70.71","69.10","1.22K","-1.03%"
"02/23/2026","70.14","71.61","71.77","70.05","0.28K","-3.31%"
"02/20/2026","72.54","70.45","73.03","70.06","0.68K","3.47%"
"02/19/2026","70.11","70.48","71.25","69.96","3.81K","-0.34%"
"02/18/2026","70.35","68.81","70.52","67.70","0.44K","2.13%"
"02/17/2026","68.88","67.83","69.93","67.40","2.48K","1.34%"
"02/16/2026","67.97","69.35","70.09","66.95","1.09K","-2.13%"
"02/13/2026","69.45","71.16","72.62","69.35","3.94K","-2.54%"
"02/12/2026","71.26","75.00","75.47","70.80","3.62K","-7.53%"
"02/11/2026","77.06","77.08","77.30","74.73","0.69K","-0.50%"
"02/10/2026","77.45","79.76","80.31","77.25","1.52K","-3.10%"
"02/09/2026","79.93","78.24","80.20","78.09","0.62K","3.38%"
"02/06/2026","77.32","76.62","77.82","74.83","1.76K","0.66%"
"02/05/2026","76.81","81.26","81.41","76.53","7.22K","-5.67%"
"02/04/2026","81.43","79.69","81.92","78.60","1.13K","-0.21%"
"02/03/2026","81.60","82.67","82.97","79.92","2.56K","-0.23%"
"02/02/2026","81.79","79.70","81.98","78.19","3.60K","2.49%"
"01/30/2026","79.80","81.79","82.44","79.26","3.84K","-3.21%"
"01/29/2026","82.45","84.40","84.40","81.91","1.11K","-2.95%"
"01/28/2026","84.96","86.87","86.87","84.48","0.87K","-2.06%"
"01/27/2026","86.75","86.00","87.00","85.95","0.24K","1.41%"
"01/26/2026","85.54","86.84","86.90","84.75","1.87K","-1.44%"
"01/23/2026","86.79","86.78","88.09","86.51","5.29K","-0.08%"
"01/22/2026","86.86","88.41","88.63","86.46","7.59K","1.60%"
"01/21/2026","85.49","83.31","85.80","82.80","0.49K","2.49%"
"01/20/2026","83.41","86.58","86.63","82.31","2.74K","-3.58%"
"01/19/2026","86.51","89.90","89.90","86.34","0.68K","-4.26%"
"01/16/2026","90.36","90.47","91.78","90.10","1.08K","-0.22%"
"01/15/2026","90.56","90.50","91.94","90.08","0.97K","0.45%"
"01/14/2026","90.15","88.98","90.04","88.74","3.18K","1.20%"
"01/13/2026","89.08","88.69","89.36","88.61","1.03K","0.72%"
"01/12/2026","88.44","88.24","88.64","87.93","1.69K","0.63%"
"01/09/2026","87.89","86.43","87.95","86.43","0.75K","1.57%"
"01/08/2026","86.53","85.69","86.63","85.56","0.88K","0.05%"
"01/07/2026","86.49","86.65","86.97","86.23","2.12K","0.05%"
"01/06/2026","86.45","85.74","86.51","85.70","0.24K","0.99%"
"01/05/2026","85.60","86.21","86.91","85.39","0.79K","-1.21%"
"01/02/2026","86.65","86.21","87.21","86.21","0.15K","1.07%"
"12/31/2025","85.73","85.21","85.85","85.21","0.65K","0.13%"
"12/30/2025","85.62","85.47","85.73","85.28","0.32K","-0.20%"
"12/29/2025","85.79","86.58","86.75","85.63","0.31K","-0.64%"
"12/24/2025","86.34","86.70","86.70","86.16","0.10K","-0.59%"
"12/23/2025","86.85","86.18","87.06","85.94","0.63K","1.22%"
"12/22/2025","85.80","85.26","86.14","85.08","3.38K","0.49%"
"12/19/2025","85.38","84.65","85.48","84.45","0.64K","0.67%"
"12/18/2025","84.81","84.79","85.32","83.94","1.06K","-0.36%"
"12/17/2025","85.12","86.02","86.67","84.87","0.54K","-0.64%"
"12/16/2025","85.67","85.52","86.15","85.31","3.04K","0.34%"
"12/15/2025","85.38","85.38","85.51","83.67","6.63K","1.90%"
"12/12/2025","83.79","84.08","84.40","83.40","20.51K","-0.13%"
"12/11/2025","83.90","82.72","84.40","82.72","44.12K","1.80%"
"12/10/2025","82.42","82.62","82.90","81.92","44.60K","-0.52%"
"12/09/2025","82.85","82.10","82.95","81.88","41.00K","1.06%"
"12/08/2025","81.98","81.74","82.58","81.66","33.52K","0.00%"
"12/05/2025","81.98","82.47","82.74","81.61","39.01K","-0.55%"
"12/04/2025","82.43","81.55","82.68","81.28","48.55K","0.78%"
"12/03/2025","81.79","81.88","82.36","81.22","46.31K","-0.04%"
"12/02/2025","81.82","82.50","82.56","81.51","47.75K","-0.99%"
"12/01/2025","82.64","83.00","83.37","82.53","39.25K","-0.74%"
"11/28/2025","83.26","82.26","83.32","82.26","33.71K","1.28%"
"11/27/2025","82.21","81.69","82.52","81.01","55.62K","0.65%"
"11/26/2025","81.68","82.01","82.34","81.30","46.71K","-0.23%"
"11/25/2025","81.87","80.54","82.20","80.49","45.25K","1.56%"
"11/24/2025","80.61","80.30","80.90","79.57","45.78K","0.25%"
"11/21/2025","80.41","80.85","81.00","80.04","32.45K","-1.17%"
"11/20/2025","81.36","80.66","81.89","80.66","28.33K","0.87%"
"11/19/2025","80.66","80.89","81.59","80.20","32.51K","-0.69%"
"11/18/2025","81.22","79.91","81.45","79.52","40.88K","1.63%"
"11/17/2025","79.92","81.45","81.45","79.78","34.46K","-1.25%"
"11/14/2025","80.93","81.28","81.75","80.44","28.11K","-0.50%"
"11/13/2025","81.34","82.16","82.79","80.92","41.70K","-0.70%"
"11/12/2025","81.91","80.79","82.37","80.79","41.00K","1.56%"
"11/11/2025","80.65","80.01","80.90","79.50","36.43K","0.86%"
"11/10/2025","79.96","79.55","80.35","78.91","28.31K","0.62%"
"11/07/2025","79.47","80.35","80.68","79.42","32.54K","-0.87%"
"11/06/2025","80.17","81.24","81.24","80.12","33.90K","-1.62%"
"11/05/2025","81.49","82.00","82.23","80.89","26.68K","-1.00%"
"11/04/2025","82.31","81.20","82.41","81.06","34.67K","1.37%"
"11/03/2025","81.20","78.78","81.75","78.78","47.92K","3.39%"
"10/31/2025","78.54","78.79","79.13","78.01","20.29K","-0.17%"
"10/30/2025","78.67","78.86","79.54","78.54","22.19K","-0.18%"
"10/29/2025","78.81","78.65","79.13","78.18","21.72K","0.63%"
"10/28/2025","78.32","77.94","78.88","77.50","23.63K","0.71%"
"10/27/2025","77.77","78.30","78.30","77.01","23.00K","-0.70%"
"10/24/2025","78.32","78.49","78.89","77.91","17.20K","-0.15%"
"10/23/2025","78.44","78.48","79.19","78.02","25.44K","-0.03%"
"10/22/2025","78.46","79.40","79.64","78.15","24.52K","-1.41%"
"10/21/2025","79.58","79.81","79.99","78.92","22.99K","-0.30%"
"10/20/2025","79.82","79.50","79.96","78.65","25.31K","0.45%"
"10/17/2025","79.46","78.99","79.90","78.12","32.20K","-0.06%"
"10/16/2025","79.51","78.06","79.69","77.61","27.00K","2.09%"
"10/15/2025","77.88","76.73","78.30","76.68","26.10K","1.25%"
"10/14/2025","76.92","77.90","77.90","76.69","32.10K","-1.54%"
"10/13/2025","78.12","79.54","79.74","77.76","32.33K","-1.96%"
"10/10/2025","79.68","79.22","80.37","79.01","31.64K","0.57%"
"10/09/2025","79.23","78.90","79.54","78.04","25.18K","0.28%"
"10/08/2025","79.01","78.14","79.29","77.90","19.36K","0.89%"
"10/07/2025","78.31","78.75","79.13","78.00","27.64K","-0.56%"
"10/06/2025","78.75","79.72","80.11","78.61","31.03K","-0.52%"
"10/03/2025","79.16","77.65","79.55","77.52","33.99K","2.23%"
"10/02/2025","77.43","76.35","77.80","76.11","31.99K","1.44%"
"10/01/2025","76.33","75.61","76.56","74.51","33.97K","0.81%"
"09/30/2025","75.72","76.79","76.80","75.57","24.55K","-1.39%"
"09/29/2025","76.79","75.85","76.97","75.06","27.91K","1.07%"
"09/26/2025","75.98","75.53","76.10","75.10","20.19K","0.29%"
"09/25/2025","75.76","76.03","76.59","75.36","25.39K","-0.34%"
"09/24/2025","76.02","76.64","76.78","75.77","22.11K","-1.00%"
"09/23/2025","76.79","76.21","77.25","75.77","25.55K","0.76%"
"09/22/2025","76.21","77.69","77.69","75.91","27.29K","-1.73%"
"09/19/2025","77.55","77.65","77.75","77.01","18.70K","-0.37%"
"09/18/2025","77.84","76.94","78.23","76.83","26.38K","1.12%"
"09/17/2025","76.98","77.50","78.45","76.69","31.13K","-0.68%"
"09/16/2025","77.51","77.05","78.26","76.49","32.48K","0.99%"
"09/15/2025","76.75","75.60","77.06","75.11","29.11K","1.29%"
"09/12/2025","75.77","75.34","76.03","75.10","21.58K","0.30%"
"09/11/2025","75.54","77.17","77.30","75.30","34.84K","-2.02%"
"09/10/2025","77.10","77.00","77.58","76.25","25.23K","0.26%"
"09/09/2025","76.90","77.00","77.23","76.00","31.66K","-0.35%"
"09/08/2025","77.17","76.05","77.32","75.50","28.61K","1.49%"
"09/05/2025","76.04","75.29","76.25","75.29","27.46K","0.80%"
"09/04/2025","75.44","75.00","75.71","74.58","27.45K","0.65%"
"09/03/2025","74.95","73.46","75.05","73.42","28.90K","1.82%"
"09/02/2025","73.61","74.12","74.44","73.36","28.08K","-0.49%"
"09/01/2025","73.97","72.90","74.55","72.78","32.66K","1.34%"
"08/29/2025","72.99","71.72","73.05","71.60","23.41K","1.77%"
"08/28/2025","71.72","72.34","72.34","71.31","24.62K","-0.72%"
"08/27/2025","72.24","72.72","73.30","71.93","19.03K","-0.70%"
"08/26/2025","72.75","72.04","72.98","71.58","21.04K","0.78%"
"08/25/2025","72.19","72.51","72.60","71.82","15.15K","-0.47%"
"08/22/2025","72.53","72.60","72.80","72.26","14.90K","-0.12%"
"08/21/2025","72.62","71.49","72.76","71.06","26.99K","1.87%"
"08/20/2025","71.29","71.30","71.54","70.65","17.71K","0.18%"
"08/19/2025","71.16","71.65","72.08","71.03","21.75K","-0.92%"
"08/18/2025","71.82","70.89","71.99","70.30","22.94K","1.61%"
"08/15/2025","70.68","71.02","71.31","70.28","16.55K","-0.39%"
"08/14/2025","70.96","71.88","71.88","70.57","27.41K","-1.09%"
"08/13/2025","71.74","71.50","72.15","71.26","14.85K","0.34%"
"08/12/2025","71.50","72.29","72.42","71.37","17.89K","-1.20%"
"08/11/2025","72.37","72.98","73.15","72.00","18.80K","-1.15%"
"08/08/2025","73.21","71.96","73.35","71.80","28.22K","2.01%"
"08/07/2025","71.77","70.73","72.01","70.30","25.41K","1.10%"
"08/06/2025","70.99","71.39","71.71","70.75","17.20K","-0.84%"
"08/05/2025","71.59","70.86","71.74","70.50","21.04K","1.04%"
"08/04/2025","70.85","71.00","71.33","70.15","22.02K","-0.27%"
"08/01/2025","71.04","72.30","72.43","71.00","27.57K","-2.23%"
"07/31/2025","72.66","72.64","73.07","72.22","20.49K","-0.27%"
"07/30/2025","72.86","73.18","73.35","72.52","15.02K","-0.30%"
"07/29/2025","73.08","70.73","73.30","70.40","32.11K","3.44%"
"07/28/2025","70.65","71.50","72.25","70.06","24.47K","-0.97%"
"07/25/2025","71.34","71.11","71.50","70.64","17.46K","0.65%"
"07/24/2025","70.88","69.83","71.18","69.23","30.79K","2.19%"
"07/23/2025","69.36","69.34","69.99","69.00","19.48K","0.36%"
"07/22/2025","69.11","69.91","69.91","68.86","24.53K","-1.03%"
"07/21/2025","69.83","70.12","70.55","69.72","20.62K","-0.09%"
"07/18/2025","69.89","70.55","71.03","69.84","18.03K","-0.94%"
"07/17/2025","70.55","71.16","71.39","70.32","20.01K","-1.07%"
"07/16/2025","71.31","71.28","72.39","70.84","18.06K","-0.28%"
"07/15/2025","71.51","70.30","71.65","69.99","19.39K","1.55%"
"07/14/2025","70.42","70.10","71.39","69.52","23.69K","-0.18%"
"07/11/2025","70.55","70.60","71.00","69.64","21.76K","-0.27%"
"07/10/2025","70.74","70.37","71.55","70.31","18.58K","0.50%"
"07/09/2025","70.39","70.45","71.08","69.89","17.80K","-0.04%"
"07/08/2025","70.42","71.22","71.46","70.28","20.66K","-1.10%"
"07/07/2025","71.20","71.70","71.99","70.62","17.58K","-0.66%"
"07/04/2025","71.67","72.32","72.32","71.25","12.91K","-0.54%"
"07/03/2025","72.06","71.70","72.79","71.06","22.29K","0.18%"
"07/02/2025","71.93","70.59","72.29","70.55","21.00K","1.91%"
"07/01/2025","70.58","69.11","70.89","68.90","25.72K","2.33%"
"06/30/2025","68.97","71.03","71.08","68.71","27.54K","-2.80%"
"06/27/2025","70.96","70.42","71.14","70.11","24.51K","0.80%"
"06/26/2025","70.40","71.08","71.50","70.26","35.18K","-1.05%"
"06/25/2025","71.15","73.24","73.40","70.96","31.98K","-3.25%"
"06/24/2025","73.54","73.00","74.57","72.60","38.63K","0.37%"
"06/23/2025","73.27","72.85","73.50","72.43","26.60K","1.57%"
"06/20/2025","72.14","72.09","72.36","71.74","2.28K","0.32%"
"06/19/2025","71.91","74.02","74.12","70.95","4.20K","-2.51%"
"06/18/2025","73.76","74.04","74.40","73.40","0.37K","-0.04%"
"06/17/2025","73.79","74.61","74.63","73.75","0.77K","-0.94%"
"06/16/2025","74.49","74.94","75.02","74.00","0.72K","-0.80%"
"06/13/2025","75.09","75.21","75.78","75.05","0.93K","0.71%"
"06/12/2025","74.56","73.47","74.80","72.66","1.41K","1.40%"
"06/11/2025","73.53","72.53","73.78","72.49","3.76K","2.32%"
"06/10/2025","71.86","73.28","73.28","71.55","0.97K","-2.11%"
"06/09/2025","73.41","73.00","73.48","73.00","0.00K","1.02%"
"06/06/2025","72.67","72.11","72.94","72.00","1.11K","1.06%"
"06/05/2025","71.91","71.80","73.10","71.58","1.57K","0.15%"
"06/04/2025","71.80","72.06","72.70","71.51","0.90K","0.03%"
"06/03/2025","71.78","70.30","72.00","69.98","1.21K","2.40%"
"06/02/2025","70.10","70.10","71.20","69.69","1.04K","0.70%"
"05/30/2025","69.61","69.96","70.70","69.43","2.61K","-0.77%"
"05/29/2025","70.15","72.05","72.62","69.95","2.40K","-1.56%"
"05/28/2025","71.26","70.15","71.77","70.15","1.19K","0.44%"
"05/27/2025","70.95","72.21","72.21","70.90","0.87K","-1.77%"
"05/26/2025","72.23","72.10","72.56","71.46","0.01K","2.08%"
"05/23/2025","70.76","71.40","71.48","69.25","0.21K","-0.77%"
"05/22/2025","71.31","72.58","72.58","71.14","1.76K","-0.82%"
"05/21/2025","71.90","72.30","72.37","71.54","0.13K","-0.61%"
"05/20/2025","72.34","71.83","71.94","71.79","0.34K","3.92%"
"05/19/2025","69.61","70.00","70.00","68.99","1.11K","-0.78%"
"05/16/2025","70.16","72.67","72.74","70.15","0.45K","-3.33%"
"05/15/2025","72.58","72.43","72.84","72.42","1.56K","1.52%"
"05/14/2025","71.49","71.25","71.58","70.91","1.28K","-0.79%"
"05/13/2025","72.06","72.10","72.10","72.10","0.71K","-0.70%"
"05/12/2025","72.57","71.81","72.63","71.81","0.91K","4.27%"
"05/09/2025","69.60","70.23","70.34","69.65","1.01K","-0.47%"
"05/08/2025","69.93","70.32","70.32","69.88","0.05K","-0.48%"
"05/07/2025","70.27","69.70","70.45","69.70","2.55K","2.60%"
"05/06/2025","68.49","68.00","68.60","68.00","0.29K","2.64%"
"05/05/2025","66.73","66.25","66.94","66.25","0.65K","-1.87%"
"05/02/2025","68.00","67.92","68.18","67.70","0.76K","2.60%"
"05/01/2025","66.28","66.26","66.39","66.26","0.15K","0.70%"
"04/30/2025","65.82","65.14","65.70","65.14","1.10K","2.67%"
"04/29/2025","64.11","63.78","64.17","63.78","0.12K","-0.73%"
"04/28/2025","64.58","65.00","65.22","64.39","1.59K","-1.69%"
"04/25/2025","65.69","65.69","65.85","65.58","1.10K","0.17%"
"04/24/2025","65.58","64.75","65.51","64.74","0.33K","-0.86%"
"04/23/2025","66.15","65.50","65.83","65.50","1.56K","3.91%"
"04/22/2025","63.66","64.47","64.47","63.66","1.13K","-2.24%"
"04/17/2025","65.12","65.04","65.14","64.84","2.93K","-1.60%"
"04/16/2025","66.18","64.83","66.74","64.83","1.72K","1.16%"
"04/15/2025","65.42","65.42","65.42","65.42","2.22K","-0.49%"
"04/14/2025","65.74","65.67","65.90","65.67","0.96K","2.59%"
"04/11/2025","64.08","61.94","62.03","61.16","0.12K","4.40%"
"04/10/2025","61.38","62.43","62.43","60.98","1.08K","1.91%"
"04/09/2025","60.23","60.14","60.32","59.85","0.01K","-1.75%"
"04/08/2025","61.30","60.98","62.21","60.16","0.13K","-1.32%"
"04/07/2025","62.12","60.50","63.79","59.70","0.15K","-1.52%"
"04/04/2025","63.08","64.84","64.84","62.03","0.64K","-3.33%"
"04/03/2025","65.25","66.35","66.35","65.10","0.85K","-3.60%"
"04/02/2025","67.69","68.77","68.77","67.56","0.05K","-1.87%"
"04/01/2025","68.98","68.47","69.01","68.47","0.13K","2.76%"
"03/31/2025","67.13","67.10","67.12","66.40","0.04K","-1.15%"
"03/28/2025","67.91","67.90","67.95","67.86","2.04K","0.37%"
"03/27/2025","67.66","67.78","67.82","67.21","2.06K","-3.22%"
"03/26/2025","69.91","69.09","69.92","69.09","0.89K","0.55%"
"03/25/2025","69.53","69.71","69.71","69.30","0.37K","-1.49%"
"03/24/2025","70.58","70.55","70.72","70.48","1.54K","0.81%"
"03/21/2025","70.01","72.49","72.49","70.00","3.76K","-2.14%"
"03/20/2025","71.54","72.20","72.43","71.40","2.83K","-0.58%"
"03/19/2025","71.96","70.59","72.39","70.51","6.67K","2.98%"
"03/18/2025","69.88","69.16","70.05","68.48","2.19K","1.73%"
"03/17/2025","68.69","69.23","69.23","68.16","0.27K","-1.25%"
"03/14/2025","69.56","69.16","70.28","68.98","0.58K","0.56%"
"03/13/2025","69.17","68.24","70.14","67.41","0.83K","1.41%"
"03/12/2025","68.21","66.92","68.32","65.91","2.28K","2.03%"
"03/11/2025","66.85","67.75","67.90","66.21","0.60K","-1.07%"
"03/10/2025","67.57","67.03","68.56","66.50","2.97K","0.54%"
"03/07/2025","67.21","65.48","68.00","65.48","2.08K","1.94%"
"03/06/2025","65.93","67.36","67.73","65.50","2.37K","-2.18%"
"03/05/2025","67.40","66.95","68.13","66.74","1.29K","0.40%"
"03/04/2025","67.13","69.98","69.98","66.51","1.45K","-4.26%"
"03/03/2025","70.12","70.91","71.29","69.88","0.81K","0.81%"
"02/28/2025","69.56","71.80","71.95","69.37","0.79K","-2.47%"
"02/27/2025","71.32","69.77","71.70","69.66","2.07K","2.53%"
"02/26/2025","69.56","69.96","70.98","69.26","0.22K","-1.00%"
"02/25/2025","70.26","72.06","72.07","69.68","0.99K","-2.61%"
"02/24/2025","72.14","72.78","72.79","70.69","0.45K","-0.32%"
"02/21/2025","72.37","71.22","73.25","71.22","0.20K","1.74%"
"02/20/2025","71.13","71.95","72.17","70.82","1.10K","-1.85%"
"02/19/2025","72.47","74.39","74.67","72.15","2.50K","-2.28%"
"02/18/2025","74.16","75.40","75.75","73.09","0.31K","-1.92%"
"02/17/2025","75.61","77.67","77.70","75.26","1.06K","-3.21%"
"02/14/2025","78.12","75.81","78.18","75.74","0.30K","2.20%"
"02/13/2025","76.44","78.01","78.33","76.35","2.62K","-2.80%"
"02/12/2025","78.64","80.30","80.30","78.50","2.69K","-2.82%"
"02/11/2025","80.92","80.61","82.16","80.07","0.63K","-0.46%"
"02/10/2025","81.29","81.53","82.55","81.20","0.61K","0.79%"
"02/07/2025","80.65","80.15","81.00","79.70","0.78K","0.44%"
"02/06/2025","80.30","79.36","81.06","79.32","1.14K","1.02%"
"02/05/2025","79.49","79.08","80.87","78.28","0.42K","0.33%"
"02/04/2025","79.23","79.39","80.00","78.06","1.23K","-0.09%"
"02/03/2025","79.30","81.73","81.73","78.50","1.42K","-3.52%"
"01/31/2025","82.19","81.41","82.60","81.08","0.39K","1.58%"
"01/30/2025","80.91","81.04","82.67","80.57","0.44K","-0.33%"
"01/29/2025","81.18","79.37","81.93","79.34","0.87K","3.35%"
"01/28/2025","78.55","77.50","78.66","77.15","1.74K","1.16%"
"01/27/2025","77.65","79.41","79.43","77.54","3.07K","-2.88%"
"01/24/2025","79.95","79.38","80.00","78.30","1.14K","1.13%"
"01/23/2025","79.06","77.70","80.05","77.70","6.36K","2.29%"
"01/22/2025","77.29","78.29","78.29","76.87","0.88K","-1.67%"
"01/21/2025","78.60","78.30","78.68","76.33","1.44K","0.36%"
"01/20/2025","78.32","77.40","78.37","76.93","1.87K","0.93%"
"01/17/2025","77.60","76.23","78.57","76.23","1.15K","1.19%"
"01/16/2025","76.69","75.93","76.75","75.81","2.27K","0.46%"
"01/15/2025","76.34","76.15","77.22","76.15","0.33K","1.30%"
"01/14/2025","75.36","75.22","75.59","74.24","0.98K","0.03%"
"01/13/2025","75.34","74.00","75.35","74.00","0.13K","2.73%"
"01/10/2025","73.34","71.68","73.60","71.06","0.61K","1.89%"
"01/09/2025","71.98","71.00","72.19","70.10","0.32K","1.81%"
"01/08/2025","70.70","72.62","72.68","70.64","0.30K","-2.56%"
"01/07/2025","72.56","72.34","73.01","71.52","0.68K","-0.43%"
"01/06/2025","72.87","73.99","73.99","72.48","0.11K","-2.12%"
"01/03/2025","74.45","73.94","74.70","73.61","0.62K","0.96%"
"01/02/2025","73.74","72.46","73.86","70.84","0.38K","3.03%"
"12/31/2024","71.57","70.88","72.09","70.88","0.19K","1.40%"
"12/30/2024","70.58","69.53","70.64","69.05","0.57K","0.61%"
"12/27/2024","70.15","68.97","70.38","68.76","0.38K","3.04%"
"12/24/2024","68.08","68.13","68.57","67.78","0.16K","-0.31%"
"12/23/2024","68.29","66.38","68.74","66.36","0.86K","2.15%"
"12/20/2024","66.85","67.00","67.00","66.10","2.54K","0.74%"
"12/19/2024","66.36","64.10","66.65","63.59","1.67K","4.34%"
"12/18/2024","63.60","63.12","64.27","62.98","5.59K","1.02%"
"12/17/2024","62.96","63.66","64.46","62.89","1.19K","-1.58%"
"12/16/2024","63.97","64.67","64.81","63.52","0.95K","-1.75%"
"12/13/2024","65.11","66.64","67.29","64.82","5.67K","-2.54%"
"12/12/2024","66.81","69.23","69.43","66.28","7.39K","-3.68%"
"12/11/2024","69.36","68.75","70.16","68.68","5.78K","0.68%"
"12/10/2024","68.89","66.86","69.37","66.86","2.25K","3.80%"
"12/09/2024","66.37","68.55","68.70","65.93","47.07K","-2.84%"
"12/06/2024","68.31","67.25","68.74","66.92","29.00K","1.44%"
"12/05/2024","67.34","67.81","68.69","66.91","28.10K","-0.77%"
"12/04/2024","67.86","68.01","68.28","67.28","29.53K","-0.92%"
"12/03/2024","68.49","68.90","69.25","67.85","29.00K","-0.49%"
"12/02/2024","68.83","68.55","70.14","68.10","33.72K","0.63%"
"11/29/2024","68.40","67.85","68.54","67.13","22.28K","1.14%"
"11/28/2024","67.63","68.13","68.91","67.53","25.89K","-1.23%"
"11/27/2024","68.47","69.24","69.38","67.70","26.00K","-1.10%"
"11/26/2024","69.23","69.70","69.75","68.25","34.26K","-0.90%"
"11/25/2024","69.86","69.75","71.54","69.24","32.35K","0.85%"
"11/22/2024","69.27","70.49","70.96","69.01","39.97K","-1.03%"
"11/21/2024","69.99","68.46","70.78","68.45","40.08K","2.35%"
"11/20/2024","68.38","68.02","69.40","67.89","27.20K","0.37%"
"11/19/2024","68.13","69.47","69.83","67.84","35.33K","-1.99%"
"11/18/2024","69.51","67.28","70.03","66.96","38.33K","2.21%"
"11/15/2024","68.01","68.25","68.80","66.75","32.70K","-0.38%"
"11/14/2024","68.27","66.72","68.46","66.61","37.66K","2.96%"
"11/13/2024","66.31","67.12","67.24","65.39","34.37K","-1.81%"
"11/12/2024","67.53","67.50","67.77","65.76","33.59K","-0.06%"
"11/11/2024","67.57","67.27","68.80","66.92","32.43K","-0.66%"
"11/08/2024","68.02","66.25","68.28","65.96","36.64K","3.00%"
"11/07/2024","66.04","63.78","66.29","63.65","30.69K","3.58%"
"11/06/2024","63.76","64.00","64.19","62.37","32.21K","-0.84%"
"11/05/2024","64.30","65.46","65.69","64.10","24.33K","-1.41%"
"11/04/2024","65.22","64.09","65.89","64.00","25.33K","2.11%"
"11/01/2024","63.87","63.78","64.96","63.22","24.86K","-1.10%"
"10/31/2024","64.58","65.48","65.95","63.54","27.40K","-1.36%"
"10/30/2024","65.47","66.85","67.19","64.94","25.80K","-2.69%"
"10/29/2024","67.28","66.82","67.75","66.14","33.57K","1.33%"
"10/28/2024","66.40","66.25","66.61","64.61","27.99K","-0.85%"
"10/25/2024","66.97","66.61","67.36","66.08","31.31K","0.51%"
"10/24/2024","66.63","64.95","67.57","64.75","41.94K","2.68%"
"10/23/2024","64.89","62.35","65.36","61.71","30.50K","4.24%"
"10/22/2024","62.25","61.90","62.56","61.29","26.27K","0.79%"
"10/21/2024","61.76","62.45","62.95","61.36","23.68K","-0.83%"
"10/18/2024","62.28","63.00","63.47","62.22","21.06K","-1.11%"
"10/17/2024","62.98","63.03","63.64","62.63","20.47K","-0.08%"
"10/16/2024","63.03","64.84","65.63","62.80","28.45K","-3.16%"
"10/15/2024","65.09","65.41","65.59","64.17","25.00K","-1.33%"
"10/14/2024","65.97","64.75","66.18","63.85","23.33K","2.09%"
"10/11/2024","64.62","64.90","65.09","63.75","25.05K","-0.58%"
"10/10/2024","65.00","62.52","65.21","62.04","30.19K","4.82%"
"10/09/2024","62.01","60.19","62.71","59.95","36.11K","2.85%"
"10/08/2024","60.29","61.92","61.92","60.07","31.76K","-2.38%"
"10/07/2024","61.76","61.52","62.50","60.06","61.01K","-0.47%"
"10/04/2024","62.05","62.04","62.57","61.41","25.34K","-1.13%"
"10/03/2024","62.76","62.56","62.96","62.01","23.40K","0.26%"
"10/02/2024","62.60","63.90","65.04","62.54","35.78K","-1.59%"
"10/01/2024","63.61","65.23","65.23","62.75","48.31K","-2.97%"
"09/30/2024","65.56","66.46","66.97","65.13","25.80K","-1.16%"
"09/27/2024","66.33","66.00","66.46","65.28","21.37K","-0.29%"
"09/26/2024","66.52","65.25","66.75","64.34","31.10K","1.96%"
"09/25/2024","65.24","64.28","65.59","63.65","33.93K","2.14%"
"09/24/2024","63.87","64.21","64.93","63.53","30.76K","-0.36%"
"09/23/2024","64.10","63.70","64.72","63.34","27.18K","1.12%"
"09/20/2024","63.39","63.50","64.15","62.88","24.41K","0.91%"
"09/19/2024","62.82","63.93","65.42","62.39","49.40K","-1.38%"
"09/18/2024","63.70","64.49","64.88","63.21","22.57K","-0.99%"
"09/17/2024","64.34","63.20","65.16","62.45","33.43K","1.79%"
"09/16/2024","63.21","64.85","64.97","63.15","","-2.74%"
"09/13/2024","64.99","65.25","65.94","64.60","25.95K","-0.70%"
"09/12/2024","65.45","66.08","66.43","65.11","24.04K","-1.43%"
"09/11/2024","66.40","65.14","66.53","64.71","31.44K","2.28%"
"09/10/2024","64.92","66.27","67.18","64.76","34.48K","-2.41%"
"09/09/2024","66.52","66.50","67.45","66.06","24.49K","0.03%"
"09/06/2024","66.50","66.10","67.74","66.04","33.39K","0.45%"
"09/05/2024","66.20","66.79","67.68","65.95","33.56K","-1.19%"
"09/04/2024","67.00","68.10","68.47","66.75","28.04K","-1.70%"
"09/03/2024","68.16","70.41","70.44","68.10","34.50K","-3.22%"
"09/02/2024","70.43","70.03","70.99","69.56","24.52K","0.18%"
"08/30/2024","70.30","71.09","71.45","69.96","20.56K","-1.07%"
"08/29/2024","71.06","70.65","71.23","70.08","20.68K","0.41%"
"08/28/2024","70.77","71.51","72.21","70.35","22.67K","-1.01%"
"08/27/2024","71.49","70.67","71.93","70.24","20.82K","1.42%"
"08/26/2024","70.49","71.10","71.75","70.07","17.22K","-0.90%"
"08/23/2024","71.13","71.51","72.37","70.62","16.66K","-0.61%"
"08/22/2024","71.57","72.42","72.64","71.17","22.10K","-0.79%"
"08/21/2024","72.14","73.29","73.83","71.68","20.05K","-1.27%"
"08/20/2024","73.07","72.94","74.75","72.65","30.00K","-0.10%"
"08/19/2024","73.14","72.50","73.80","72.01","20.35K","0.85%"
"08/16/2024","72.52","72.19","72.98","71.50","14.66K","0.57%"
"08/15/2024","72.11","71.98","72.23","70.48","22.49K","0.33%"
"08/14/2024","71.87","71.35","72.44","71.26","15.75K","0.81%"
"08/13/2024","71.29","72.14","73.06","71.14","25.78K","-1.87%"
"08/12/2024","72.65","70.08","74.13","69.46","39.26K","3.58%"
"08/09/2024","70.14","71.00","71.86","69.61","20.31K","-1.29%"
"08/08/2024","71.06","71.19","71.73","69.72","25.35K","0.69%"
"08/07/2024","70.57","69.96","71.43","69.10","23.50K","0.93%"
"08/06/2024","69.92","69.28","70.39","69.07","18.05K","1.54%"
"08/05/2024","68.86","69.75","69.75","67.86","23.05K","-2.24%"
"08/02/2024","70.44","71.18","71.31","69.45","23.24K","-1.03%"
"08/01/2024","71.17","69.55","71.50","68.83","29.18K","2.79%"
"07/31/2024","69.24","68.95","69.44","68.04","20.38K","0.96%"
"07/30/2024","68.58","68.67","69.29","67.47","20.66K","-0.29%"
"07/29/2024","68.78","67.70","68.90","67.20","16.08K","1.58%"
"07/26/2024","67.71","66.90","68.15","66.79","12.68K","0.94%"
"07/25/2024","67.08","68.91","68.91","66.65","21.15K","-2.64%"
"07/24/2024","68.90","65.79","69.02","65.55","26.23K","4.73%"
"07/23/2024","65.79","64.82","66.22","64.26","19.17K","1.54%"
"07/22/2024","64.79","66.28","66.73","64.25","25.44K","-1.83%"
"07/19/2024","66.00","66.35","67.49","65.73","15.46K","-0.17%"
"07/18/2024","66.11","66.43","66.98","66.01","17.93K","-0.47%"
"07/17/2024","66.42","68.01","68.13","66.41","19.67K","-2.24%"
"07/16/2024","67.94","67.85","68.27","67.16","18.32K","0.53%"
"07/15/2024","67.58","69.58","69.58","67.10","22.05K","-2.55%"
"07/12/2024","69.35","68.55","69.52","67.69","18.19K","1.21%"
"07/11/2024","68.52","68.15","68.83","67.60","16.48K","0.82%"
"07/10/2024","67.96","68.66","69.40","67.86","15.81K","-0.82%"
"07/09/2024","68.52","69.15","69.19","68.18","16.72K","-0.75%"
"07/08/2024","69.04","70.59","71.85","68.80","25.02K","-1.86%"
"07/05/2024","70.35","70.12","71.15","69.94","12.63K","0.24%"
"07/04/2024","70.18","70.76","71.16","69.83","19.11K","-1.03%"
"07/03/2024","70.91","70.67","71.95","70.00","25.07K","-0.03%"
"07/02/2024","70.93","68.30","71.03","67.52","27.02K","3.81%"
"07/01/2024","68.33","67.41","69.68","67.13","19.71K","1.44%"
"06/28/2024","67.36","66.71","68.40","65.79","22.06K","1.31%"
"06/27/2024","66.49","67.03","67.78","66.42","19.50K","-1.10%"
"06/26/2024","67.23","68.35","69.09","66.80","22.83K","-0.84%"
"06/25/2024","67.80","67.45","68.07","66.85","20.56K","0.36%"
"06/24/2024","67.56","68.02","68.27","67.01","25.78K","-0.72%"
"06/21/2024","68.05","69.51","69.51","67.94","18.86K","-1.65%"
"06/20/2024","69.19","70.60","71.59","69.07","21.09K","-2.19%"
"06/19/2024","70.74","68.74","70.81","68.50","20.84K","3.45%"
"06/18/2024","68.38","68.26","69.25","67.72","25.05K","0.32%"
"06/17/2024","68.16","68.70","69.21","67.63","22.76K","-0.54%"
"06/14/2024","68.53","70.75","71.09","68.18","32.67K","-3.30%"
"06/13/2024","70.87","70.30","71.99","70.30","18.92K","0.81%"
"06/12/2024","70.30","70.45","71.75","69.97","20.42K","-0.16%"
"06/11/2024","70.41","70.80","72.17","69.87","22.85K","-0.71%"
"06/10/2024","70.91","71.14","71.20","69.29","27.32K","-0.71%"
"06/07/2024","71.42","71.78","71.88","71.02","14.70K","-0.15%"
"06/06/2024","71.53","71.82","72.98","71.25","19.25K","-0.65%"
"06/05/2024","72.00","72.72","73.26","70.96","25.06K","-0.80%"
"06/04/2024","72.58","74.52","74.71","72.27","29.74K","-2.75%"
"06/03/2024","74.63","74.44","77.80","74.25","29.51K","0.76%"
"05/31/2024","74.07","75.48","76.42","73.85","19.01K","-1.50%"
"05/30/2024","75.20","73.66","75.84","73.37","19.23K","1.69%"
"05/29/2024","73.95","74.50","75.60","72.95","21.29K","-0.87%"
"05/28/2024","74.60","75.99","76.24","74.15","20.35K","-2.50%"
"05/27/2024","76.51","75.70","76.99","75.58","11.68K","0.96%"
"05/24/2024","75.78","76.10","76.70","73.90","20.91K","-0.42%"
"05/23/2024","76.10","76.50","78.10","75.52","28.44K","-0.74%"
"05/22/2024","76.67","75.83","77.50","75.50","26.14K","0.62%"
"05/21/2024","76.20","74.18","76.64","73.05","27.58K","2.64%"
"05/20/2024","74.24","71.00","74.90","71.00","28.80K","5.28%"
"05/17/2024","70.52","70.50","71.52","69.60","19.40K","-0.38%"
"05/16/2024","70.79","69.09","71.27","68.88","19.43K","2.31%"
"05/15/2024","69.19","70.20","71.83","69.09","22.11K","-1.30%"
"05/14/2024","70.10","70.02","71.32","69.02","15.41K","0.04%"
"05/13/2024","70.07","71.33","71.49","68.75","24.98K","-2.12%"
"05/10/2024","71.59","73.50","75.50","71.28","22.20K","-2.76%"
"05/09/2024","73.62","71.40","74.08","71.13","14.64K","2.36%"
"05/08/2024","71.92","71.03","72.70","69.61","21.90K","1.51%"
"05/07/2024","70.85","73.25","74.30","70.57","31.16K","-3.83%"
"05/06/2024","73.67","71.74","74.49","71.52","18.25K","2.55%"
"05/03/2024","71.84","72.69","74.55","71.45","25.96K","-1.17%"
"05/02/2024","72.69","67.88","73.18","67.25","38.25K","7.04%"
"05/01/2024","67.91","69.19","69.26","67.35","12.26K","-1.86%"
"04/30/2024","69.20","65.95","69.60","65.38","26.24K","5.17%"
"04/29/2024","65.80","67.00","67.35","65.01","18.42K","-2.53%"
"04/26/2024","67.51","68.21","69.20","66.57","18.84K","-1.32%"
"04/25/2024","68.41","67.00","69.92","66.54","27.09K","2.33%"
"04/24/2024","66.85","66.25","67.45","64.80","22.73K","0.71%"
"04/23/2024","66.38","66.39","67.21","65.34","22.88K","-0.03%"
"04/22/2024","66.40","68.00","68.19","66.02","25.67K","-3.09%"
"04/19/2024","68.52","72.57","73.30","68.13","28.40K","-4.23%"
"04/18/2024","71.55","69.90","72.22","68.15","31.33K","1.73%"
"04/17/2024","70.33","74.13","74.48","69.24","37.88K","-5.28%"
"04/16/2024","74.25","70.26","74.90","69.87","36.63K","5.83%"
"04/15/2024","70.16","71.55","71.64","69.12","29.52K","-2.07%"
"04/12/2024","71.64","68.60","71.81","68.07","46.29K","4.08%"
"04/11/2024","68.83","62.98","68.92","62.81","47.86K","9.51%"
"04/10/2024","62.85","63.82","65.07","62.30","25.55K","-1.74%"
"04/09/2024","63.96","63.39","64.64","62.53","27.84K","0.90%"
"04/08/2024","63.39","60.72","63.77","59.69","32.01K","3.90%"
"04/05/2024","61.01","58.87","61.15","58.26","25.37K","4.49%"
"04/04/2024","58.39","57.50","59.24","57.10","22.26K","1.46%"
"04/03/2024","57.55","59.29","59.43","56.91","23.14K","-2.29%"
"04/02/2024","58.90","61.22","61.50","58.56","27.64K","-4.89%"
"03/28/2024","61.93","62.50","62.89","61.32","","-1.09%"
"03/27/2024","62.61","62.50","63.31","61.08","22.31K","-0.62%"
"03/26/2024","63.00","64.45","65.74","62.16","33.89K","-2.84%"
"03/25/2024","64.84","61.69","65.49","61.68","33.71K","5.43%"
"03/22/2024","61.50","59.10","62.06","58.80","24.38K","3.59%"
"03/21/2024","59.37","60.04","60.26","58.80","22.93K","-1.07%"
"03/20/2024","60.01","61.30","61.46","59.99","21.68K","-2.12%"
"03/19/2024","61.31","61.30","62.87","59.65","26.86K","-0.18%"
"03/18/2024","61.42","59.50","62.32","59.50","33.59K","3.44%"
"03/15/2024","59.38","58.90","60.25","58.14","27.06K","0.99%"
"03/14/2024","58.80","55.85","59.18","55.08","30.35K","5.24%"
"03/13/2024","55.87","56.86","57.90","55.65","23.40K","-1.98%"
"03/12/2024","57.00","56.26","57.08","55.24","26.90K","1.55%"
"03/11/2024","56.13","58.22","58.24","55.80","28.03K","-4.05%"
"03/08/2024","58.50","59.00","60.20","57.80","22.80K","-1.58%"
"03/07/2024","59.44","58.79","61.09","57.40","36.11K","1.11%"
"03/06/2024","58.79","60.25","62.80","58.09","44.52K","-2.02%"
"03/05/2024","60.00","57.28","61.23","56.73","48.66K","4.75%"
"03/04/2024","57.28","56.40","57.77","53.50","33.98K","1.72%"
"03/01/2024","56.31","56.50","56.84","55.08","22.85K","-0.23%"
"02/29/2024","56.44","57.53","57.81","55.25","27.04K","-1.35%"
"02/28/2024","57.21","56.21","58.87","55.45","38.36K","2.23%"
"02/27/2024","55.96","53.76","56.14","52.45","30.42K","3.96%"
"02/26/2024","53.83","52.11","54.52","51.55","23.89K","2.51%"
"02/23/2024","52.51","52.90","53.01","51.12","26.23K","-0.15%"
"02/22/2024","52.59","54.48","54.48","52.37","22.36K","-3.52%"
"02/21/2024","54.51","54.05","54.98","53.28","18.58K","0.55%"
"02/20/2024","54.21","53.50","55.04","51.86","30.45K","2.01%"
"02/19/2024","53.14","57.11","57.11","52.90","29.61K","-6.95%"
"02/16/2024","57.11","57.95","58.21","56.29","20.13K","-1.45%"
"02/15/2024","57.95","56.44","59.05","56.13","28.07K","2.68%"
"02/14/2024","56.44","56.43","57.57","55.41","23.61K","-0.37%"
"02/13/2024","56.65","57.20","57.89","55.65","23.80K","-0.96%"
"02/12/2024","57.20","58.64","58.80","56.59","24.58K","-2.72%"
"02/09/2024","58.80","60.50","60.50","58.20","26.39K","-3.15%"
"02/08/2024","60.71","62.50","62.50","60.27","26.07K","-2.58%"
"02/07/2024","62.32","63.35","63.68","62.25","17.67K","-1.84%"
"02/06/2024","63.49","62.79","63.97","62.00","19.28K","1.44%"
"02/05/2024","62.59","63.80","64.31","62.07","19.16K","-1.43%"
"02/02/2024","63.50","62.05","64.37","61.90","17.96K","1.89%"
"02/01/2024","62.32","64.16","64.87","62.10","22.15K","-3.23%"
"01/31/2024","64.40","63.92","65.14","62.94","21.32K","0.59%"
"01/30/2024","64.02","61.63","64.02","61.30","22.87K","3.64%"
"01/29/2024","61.77","63.60","64.06","61.58","22.58K","-2.11%"
"01/26/2024","63.10","63.15","65.03","62.10","21.96K","-0.49%"
"01/25/2024","63.41","66.43","66.43","62.90","25.61K","-3.63%"
"01/24/2024","65.80","63.36","66.10","63.16","25.09K","4.00%"
"01/23/2024","63.27","62.00","63.80","61.60","20.28K","1.38%"
"01/22/2024","62.41","63.03","63.03","60.86","21.64K","-1.59%"
"01/19/2024","63.42","63.37","64.23","62.93","15.14K","0.22%"
"01/18/2024","63.28","63.09","64.13","62.50","18.19K","-0.05%"
"01/17/2024","63.31","65.39","66.07","62.86","25.63K","-3.33%"
"01/16/2024","65.49","66.98","67.40","65.05","22.43K","-2.11%"
"01/15/2024","66.90","66.00","67.46","64.61","22.19K","4.86%"
"01/12/2024","63.80","66.93","66.93","63.00","0.51K","-3.27%"
"01/11/2024","65.96","67.67","67.70","65.20","1.06K","-2.60%"
"01/10/2024","67.72","70.30","70.50","67.47","0.75K","-3.12%"
"01/09/2024","69.90","69.50","70.73","69.25","0.48K","-0.09%"
"01/08/2024","69.96","73.68","73.75","69.89","0.78K","-5.42%"
"01/05/2024","73.97","73.32","74.54","73.18","0.38K","0.26%"
"01/04/2024","73.78","75.45","76.10","73.10","1.39K","-2.17%"
"01/03/2024","75.42","74.20","75.58","74.20","0.21K","1.80%"
"01/02/2024","74.09","78.17","78.22","73.04","0.69K","-4.99%"
"12/29/2023","77.98","78.00","78.61","77.28","","0.05%"
"12/28/2023","77.94","77.69","78.02","76.98","0.94K","0.26%"
"12/27/2023","77.74","77.27","78.57","77.08","0.96K","1.04%"
"12/22/2023","76.94","75.88","77.08","75.00","0.45K","1.40%"
"12/21/2023","75.88","73.50","76.42","73.50","0.82K","3.66%"
"12/20/2023","73.20","69.75","73.55","69.75","1.45K","4.93%"
"12/19/2023","69.76","69.99","69.99","68.75","1.04K","0.22%"
"12/18/2023","69.61","68.26","71.38","67.03","4.27K","3.02%"
"12/15/2023","67.57","66.76","67.82","66.22","12.69K","1.26%"
"12/14/2023","66.73","69.12","70.16","65.99","23.65K","-3.12%"
"12/13/2023","68.88","68.21","69.98","68.01","26.59K","0.94%"
"12/12/2023","68.24","67.30","68.60","66.88","23.04K","1.34%"
"12/11/2023","67.34","68.50","68.50","66.26","29.08K","-1.87%"
"12/08/2023","68.62","70.00","70.76","68.45","22.24K","-1.93%"
"12/07/2023","69.97","68.86","70.19","68.65","22.52K","1.46%"
"12/06/2023","68.96","69.11","70.00","68.37","23.02K","0.07%"
"12/05/2023","68.91","70.72","70.88","68.42","30.66K","-2.16%"
"12/04/2023","70.43","72.03","72.08","70.15","31.64K","-2.79%"
"12/01/2023","72.45","70.79","73.13","70.57","21.53K","2.68%"
"11/30/2023","70.56","70.55","71.71","70.44","26.25K","-0.31%"
"11/29/2023","70.78","72.33","73.25","70.56","28.53K","-2.37%"
"11/28/2023","72.50","73.04","73.71","72.01","23.92K","-0.78%"
"11/27/2023","73.07","76.34","76.50","72.79","28.36K","-4.43%"
"11/24/2023","76.46","76.68","77.19","76.00","13.70K","-0.14%"
"11/23/2023","76.57","75.30","77.22","74.88","20.68K","1.96%"
"11/22/2023","75.10","75.37","76.20","74.88","18.87K","-0.15%"
"11/21/2023","75.21","76.61","76.71","75.08","16.44K","-1.89%"
"11/20/2023","76.66","76.63","77.80","76.15","15.54K","0.56%"
"11/17/2023","76.23","77.09","77.68","76.02","15.96K","-1.26%"
"11/16/2023","77.20","79.80","79.89","76.49","23.12K","-3.26%"
"11/15/2023","79.80","78.57","80.27","78.57","20.26K","1.57%"
"11/14/2023","78.57","77.39","79.09","76.60","19.81K","1.99%"
"11/13/2023","77.04","78.50","78.92","76.17","19.75K","-1.86%"
"11/10/2023","78.50","77.69","78.85","76.29","18.97K","1.55%"
"11/09/2023","77.30","75.65","77.69","75.19","22.23K","2.52%"
"11/08/2023","75.40","75.28","76.38","74.84","19.63K","0.05%"
"11/07/2023","75.36","75.71","76.50","74.86","21.35K","-0.69%"
"11/06/2023","75.88","77.48","77.48","75.60","18.33K","-1.71%"
"11/03/2023","77.20","78.61","79.70","77.10","19.75K","-2.35%"
"11/02/2023","79.06","78.35","79.20","76.24","34.24K","0.51%"
"11/01/2023","78.66","79.40","80.16","78.37","19.68K","-0.94%"
"10/31/2023","79.41","78.65","79.50","78.15","21.72K","0.80%"
"10/30/2023","78.78","79.45","80.98","78.48","24.81K","-0.73%"
"10/27/2023","79.36","79.64","80.36","79.30","15.86K","-0.28%"
"10/26/2023","79.58","79.94","80.71","79.49","18.95K","-0.44%"
"10/25/2023","79.93","80.74","80.98","79.75","18.43K","-0.91%"
"10/24/2023","80.66","80.26","81.34","80.21","17.18K","0.45%"
"10/23/2023","80.30","81.39","81.50","80.06","17.53K","-1.68%"
"10/20/2023","81.67","81.98","82.50","81.05","15.05K","-0.40%"
"10/19/2023","82.00","81.70","82.24","80.84","17.07K","0.26%"
"10/18/2023","81.79","82.61","83.35","81.52","15.86K","-1.04%"
"10/17/2023","82.65","83.29","83.66","81.45","16.43K","-0.91%"
"10/16/2023","83.41","85.58","85.93","82.99","18.29K","-2.63%"
"10/13/2023","85.66","85.23","86.60","84.73","22.82K","0.25%"
"10/12/2023","85.45","83.78","85.69","83.50","16.72K","1.99%"
"10/11/2023","83.78","84.68","85.03","83.50","21.43K","-1.13%"
"10/10/2023","84.74","81.87","85.06","81.60","26.15K","3.81%"
"10/09/2023","81.63","80.65","81.96","80.00","16.51K","1.25%"
"10/06/2023","80.62","80.85","81.15","80.00","12.05K","-0.30%"
"10/05/2023","80.86","81.85","82.37","80.30","15.01K","-1.17%"
"10/04/2023","81.82","79.87","82.39","79.56","20.90K","2.53%"
"10/03/2023","79.80","80.70","80.91","79.52","23.91K","-1.12%"
"10/02/2023","80.70","81.42","81.66","80.62","14.76K","-0.92%"
"09/29/2023","81.45","83.00","83.24","81.42","11.38K","-2.00%"
"09/28/2023","83.11","81.83","83.24","81.82","11.32K","1.53%"
"09/27/2023","81.86","83.00","83.05","81.61","14.84K","-0.79%"
"09/26/2023","82.51","84.99","85.13","82.51","16.30K","-2.80%"
"09/25/2023","84.89","85.95","85.95","84.77","14.09K","-0.48%"
"09/22/2023","85.30","83.94","86.05","83.65","18.47K","1.03%"
"09/21/2023","84.43","82.70","84.61","81.70","16.17K","2.02%"
"09/20/2023","82.76","81.60","82.97","80.51","18.19K","1.80%"
"09/19/2023","81.30","80.97","81.69","80.55","12.94K","0.52%"
"09/18/2023","80.88","82.18","82.65","80.74","16.52K","-1.49%"
"09/15/2023","82.10","82.88","84.09","81.86","14.31K","-1.00%"
"09/14/2023","82.93","83.71","84.07","82.45","14.48K","-0.99%"
"09/13/2023","83.76","81.25","83.83","80.57","22.49K","3.25%"
"09/12/2023","81.12","81.85","82.41","80.98","17.50K","-0.75%"
"09/11/2023","81.73","81.79","82.51","81.36","13.80K","0.13%"
"09/08/2023","81.62","83.52","84.00","81.28","17.11K","-2.01%"
"09/07/2023","83.29","83.67","84.28","82.67","16.85K","-0.49%"
"09/06/2023","83.70","83.95","84.81","83.11","15.69K","-0.25%"
"09/05/2023","83.91","84.18","84.81","83.60","16.54K","-0.20%"
"09/04/2023","84.08","85.63","85.63","83.75","13.97K","-1.82%"
"09/01/2023","85.64","86.03","86.32","85.00","11.95K","-0.45%"
"08/31/2023","86.03","86.10","87.28","85.58","11.31K","0.03%"
"08/30/2023","86.00","84.91","86.63","84.64","13.34K","1.18%"
"08/29/2023","85.00","85.72","86.49","84.52","12.48K","-0.70%"
"08/28/2023","85.60","85.40","86.50","84.79","8.13K","0.41%"
"08/25/2023","85.25","85.06","86.42","84.50","13.46K","0.05%"
"08/24/2023","85.21","87.35","87.35","85.10","18.77K","-3.17%"
"08/23/2023","88.00","89.96","90.23","87.35","19.87K","-2.23%"
"08/22/2023","90.01","87.85","90.39","87.76","19.57K","2.46%"
"08/21/2023","87.85","88.62","88.70","86.86","11.65K","-0.23%"
"08/18/2023","88.05","88.68","89.09","87.27","12.86K","-0.90%"
"08/17/2023","88.85","88.60","89.87","87.70","15.80K","0.30%"
"08/16/2023","88.58","87.64","88.89","87.35","15.60K","1.97%"
"08/15/2023","86.87","88.23","88.60","86.70","13.02K","-1.23%"
"08/14/2023","87.95","86.57","88.13","86.00","13.26K","1.32%"
"08/11/2023","86.80","84.90","86.92","84.00","10.94K","2.66%"
"08/10/2023","84.55","84.24","85.21","83.03","12.82K","0.77%"
"08/09/2023","83.90","84.34","85.82","83.50","17.02K","-0.08%"
"08/08/2023","83.97","82.70","84.47","82.31","14.58K","1.61%"
"08/07/2023","82.64","83.55","84.56","82.56","13.37K","-0.92%"
"08/04/2023","83.41","84.99","85.63","83.30","11.73K","-1.18%"
"08/03/2023","84.41","83.23","85.80","83.10","16.35K","1.45%"
"08/02/2023","83.20","84.65","84.99","83.01","21.26K","-1.68%"
"08/01/2023","84.62","86.85","87.83","84.40","22.39K","-2.52%"
"07/31/2023","86.81","88.34","89.42","86.37","15.97K","-2.13%"
"07/28/2023","88.70","90.92","90.92","88.16","16.24K","-2.44%"
"07/27/2023","90.92","90.79","91.28","89.23","15.51K","0.17%"
"07/26/2023","90.77","92.32","93.50","90.34","16.55K","-1.70%"
"07/25/2023","92.34","91.25","92.52","91.14","14.27K","1.15%"
"07/24/2023","91.29","91.82","92.59","90.53","14.37K","-0.58%"
"07/21/2023","91.82","90.80","92.30","90.33","14.12K","1.08%"
"07/20/2023","90.84","88.95","91.24","88.75","17.57K","2.09%"
"07/19/2023","88.98","88.10","89.40","87.05","15.48K","0.91%"
"07/18/2023","88.18","86.78","88.32","86.25","14.99K","1.61%"
"07/17/2023","86.78","85.93","86.81","85.18","12.73K","0.50%"
"07/14/2023","86.35","85.82","87.65","85.82","10.62K","0.55%"
"07/13/2023","85.88","85.86","86.96","85.32","11.32K","0.06%"
"07/12/2023","85.83","87.03","88.32","85.68","15.76K","-1.40%"
"07/11/2023","87.05","86.34","87.22","85.11","15.21K","0.92%"
"07/10/2023","86.26","86.16","87.17","85.48","12.70K","0.13%"
"07/07/2023","86.15","86.05","87.85","85.83","12.12K","-0.16%"
"07/06/2023","86.29","85.70","86.45","85.33","14.12K","0.56%"
"07/05/2023","85.81","87.06","87.32","85.71","15.08K","-2.14%"
"07/04/2023","87.69","87.41","88.10","86.68","10.26K","0.13%"
"07/03/2023","87.58","89.12","89.83","87.18","13.06K","-2.22%"
"06/30/2023","89.57","88.10","89.61","87.11","12.88K","1.63%"
"06/29/2023","88.13","87.34","88.82","87.24","12.33K","-0.09%"
"06/28/2023","88.21","89.67","89.70","86.98","13.96K","-0.99%"
"06/27/2023","89.09","86.49","89.17","85.80","14.66K","3.01%"
"06/26/2023","86.49","87.69","89.65","85.89","16.58K","-1.21%"
"06/23/2023","87.55","90.90","90.90","87.55","14.05K","-3.74%"
"06/22/2023","90.95","90.20","91.20","88.33","18.31K","0.11%"
"06/21/2023","90.85","94.41","95.40","90.39","27.35K","-3.87%"
"06/20/2023","94.51","93.09","96.00","92.85","23.51K","1.37%"
"06/19/2023","93.23","91.70","93.65","90.30","15.15K","1.43%"
"06/16/2023","91.92","92.92","93.18","90.50","19.81K","-1.09%"
"06/15/2023","92.93","93.51","95.18","91.51","29.19K","-0.74%"
"06/14/2023","93.62","90.46","93.99","89.91","28.12K","3.20%"
"06/13/2023","90.72","88.00","91.03","86.91","30.35K","2.83%"
"06/12/2023","88.22","86.75","88.46","84.88","17.45K","2.41%"
"06/09/2023","86.14","83.75","87.30","83.50","17.41K","3.35%"
"06/08/2023","83.35","83.99","84.95","82.63","15.10K","-0.61%"
"06/07/2023","83.86","81.64","84.19","80.10","18.61K","2.72%"
"06/06/2023","81.64","83.00","83.48","80.28","17.91K","-1.47%"
"06/05/2023","82.86","79.05","83.25","78.01","23.97K","5.53%"
"06/02/2023","78.52","78.95","80.47","78.52","15.52K","-0.54%"
"06/01/2023","78.95","80.78","81.10","78.47","22.48K","-2.25%"
"05/31/2023","80.77","80.45","81.97","79.32","21.92K","0.49%"
"05/30/2023","80.38","83.05","83.34","80.36","24.55K","-3.16%"
"05/29/2023","83.00","83.01","84.46","82.67","4.74K","-0.16%"
"05/26/2023","83.13","82.75","83.37","81.94","14.76K","0.61%"
"05/25/2023","82.63","85.03","85.15","82.63","20.74K","-2.55%"
"05/24/2023","84.79","85.81","86.26","84.55","13.80K","-1.18%"
"05/23/2023","85.80","87.40","87.72","85.36","16.12K","-1.66%"
"05/22/2023","87.25","89.43","89.71","86.77","15.35K","-2.44%"
"05/19/2023","89.43","89.66","91.24","89.33","12.79K","-0.25%"
"05/18/2023","89.65","88.49","90.21","87.92","9.13K","1.83%"
"05/17/2023","88.04","88.77","89.75","87.55","11.44K","-1.00%"
"05/16/2023","88.93","87.14","89.20","86.66","13.11K","2.05%"
"05/15/2023","87.14","88.50","89.19","86.13","15.99K","-2.01%"
"05/12/2023","88.93","88.54","89.67","88.14","9.38K","0.41%"
"05/11/2023","88.57","89.22","90.12","87.68","16.42K","-0.55%"
"05/10/2023","89.06","87.69","89.75","87.20","16.36K","1.77%"
"05/09/2023","87.51","85.57","87.75","85.20","14.24K","2.24%"
"05/08/2023","85.59","85.00","85.99","84.50","6.33K","0.74%"
"05/05/2023","84.96","84.66","86.90","84.30","12.00K","0.54%"
"05/04/2023","84.50","85.29","85.71","83.25","17.53K","-0.76%"
"05/03/2023","85.15","89.00","89.35","84.00","24.91K","-3.81%"
"05/02/2023","88.52","85.66","90.82","85.42","21.01K","3.37%"
"05/01/2023","85.63","87.39","88.36","85.50","4.52K","-2.30%"
"04/28/2023","87.65","86.49","88.11","86.13","11.92K","1.12%"
"04/27/2023","86.68","85.94","87.90","85.40","18.54K","0.51%"
"04/26/2023","86.24","86.90","87.00","85.16","19.49K","-0.66%"
"04/25/2023","86.81","88.58","88.91","86.53","20.94K","-1.98%"
"04/24/2023","88.56","90.11","90.11","87.59","17.79K","-1.45%"
"04/21/2023","89.86","91.95","92.41","89.25","16.35K","-2.05%"
"04/20/2023","91.74","94.45","94.66","91.18","18.42K","-2.81%"
"04/19/2023","94.39","95.30","96.47","94.18","12.80K","-0.80%"
"04/18/2023","95.15","92.98","95.60","92.33","14.37K","2.41%"
"04/17/2023","92.91","94.14","94.75","92.16","11.40K","-1.28%"
"04/14/2023","94.11","94.39","94.99","93.16","11.55K","-0.30%"
"04/13/2023","94.39","96.15","96.50","93.10","14.93K","-1.95%"
"04/12/2023","96.27","97.53","98.21","95.09","16.89K","-1.23%"
"04/11/2023","97.47","96.75","98.43","96.72","12.46K","0.74%"
"04/06/2023","96.75","97.00","97.90","96.00","","-0.27%"
"04/05/2023","97.01","94.97","98.00","94.78","17.83K","2.14%"
"04/04/2023","94.98","96.00","97.35","94.63","15.77K","-1.06%"
"04/03/2023","96.00","91.75","96.16","91.69","15.34K","4.63%"
"03/31/2023","91.75","90.93","92.89","90.71","14.19K","1.05%"
"03/30/2023","90.80","90.43","91.76","89.55","15.57K","0.87%"
"03/29/2023","90.02","89.47","91.10","89.33","12.36K","0.69%"
"03/28/2023","89.40","87.62","90.56","87.62","15.63K","1.44%"
"03/27/2023","88.13","88.02","89.19","86.73","13.64K","3.20%"
"03/24/2023","85.40","89.96","91.02","84.18","1.11K","-5.30%"
"03/23/2023","90.18","87.45","90.40","87.45","1.51K","4.10%"
"03/22/2023","86.63","87.10","87.68","85.50","2.03K","-0.86%"
"03/21/2023","87.38","86.16","88.40","85.69","2.19K","2.58%"
"03/20/2023","85.18","83.70","86.00","82.13","2.39K","-0.46%"
"03/17/2023","85.57","85.68","87.07","83.43","0.64K","0.35%"
"03/16/2023","85.27","88.30","88.30","83.71","2.79K","-1.59%"
"03/15/2023","86.65","90.36","91.23","86.53","1.93K","-3.43%"
"03/14/2023","89.73","92.91","93.54","89.55","1.15K","-3.51%"
"03/13/2023","92.99","96.30","96.30","92.37","2.06K","-3.97%"
"03/10/2023","96.83","95.53","96.93","95.30","2.42K","1.50%"
"03/09/2023","95.40","95.75","96.64","93.86","1.56K","0.68%"
"03/08/2023","94.76","93.52","95.73","93.50","3.12K","2.04%"
"03/07/2023","92.87","91.12","93.59","91.11","1.28K","3.23%"
"03/06/2023","89.96","90.50","91.35","89.05","0.52K","0.77%"
"03/03/2023","89.27","90.00","90.17","88.47","0.71K","-0.92%"
"03/02/2023","90.10","94.77","95.00","89.87","0.40K","-3.94%"
"03/01/2023","93.80","96.10","96.26","93.52","0.39K","-2.17%"
"02/28/2023","95.88","96.90","97.20","95.88","1.01K","-1.05%"
"02/27/2023","96.90","95.64","96.94","95.31","0.55K","2.23%"
"02/24/2023","94.79","94.93","96.03","94.10","0.24K","1.01%"
"02/23/2023","93.84","93.47","94.98","93.26","0.80K","0.42%"
"02/22/2023","93.45","97.12","97.12","93.36","0.26K","-3.78%"
"02/21/2023","97.12","95.43","97.99","94.00","0.53K","2.11%"
"02/20/2023","95.11","94.63","96.70","93.96","0.68K","1.91%"
"02/17/2023","93.33","94.95","95.42","92.55","0.60K","-1.89%"
"02/16/2023","95.13","91.68","95.13","91.68","0.56K","3.96%"
"02/15/2023","91.51","88.51","91.58","88.10","2.06K","3.26%"
"02/14/2023","88.62","90.25","90.25","87.24","0.75K","-0.82%"
"02/13/2023","89.35","90.10","90.63","89.00","0.24K","-1.21%"
"02/10/2023","90.44","88.00","90.44","88.00","1.21K","2.20%"
"02/09/2023","88.49","87.60","89.92","87.23","0.53K","1.03%"
"02/08/2023","87.59","87.20","88.96","86.70","0.14K","-0.35%"
"02/07/2023","87.90","88.20","88.36","86.50","0.29K","-0.07%"
"02/06/2023","87.96","90.44","92.34","87.80","0.44K","-3.23%"
"02/03/2023","90.90","91.82","92.98","90.41","0.75K","0.28%"
"02/02/2023","90.65","92.80","93.96","89.23","1.06K","-2.16%"
"02/01/2023","92.65","90.00","94.26","90.00","0.61K","2.80%"
"01/31/2023","90.13","87.18","90.33","86.43","2.81K","3.35%"
"01/30/2023","87.21","87.05","87.56","85.84","1.54K","0.31%"
"01/27/2023","86.94","86.81","88.00","86.37","1.19K","0.15%"
"01/26/2023","86.81","82.19","86.90","81.65","0.95K","5.51%"
"01/25/2023","82.28","79.46","82.40","78.90","0.30K","3.34%"
"01/24/2023","79.62","81.93","82.21","79.10","0.65K","-2.67%"
"01/23/2023","81.80","82.59","83.32","81.70","0.44K","-0.97%"
"01/20/2023","82.60","81.92","82.72","81.01","0.84K","0.90%"
"01/19/2023","81.86","80.89","82.73","80.78","0.69K","0.54%"
"01/18/2023","81.42","76.90","81.42","76.85","1.03K","5.45%"
"01/17/2023","77.21","75.25","77.70","74.75","0.56K","2.85%"
"01/16/2023","75.07","76.80","76.98","75.07","0.73K","-2.76%"
"01/13/2023","77.20","77.49","78.00","75.82","0.48K","-0.72%"
"01/12/2023","77.76","76.73","77.90","76.25","0.11K","1.46%"
"01/11/2023","76.64","78.25","79.11","76.24","1.41K","-2.22%"
"01/10/2023","78.38","79.74","79.79","77.94","1.75K","-0.91%"
"01/09/2023","79.10","74.80","79.58","74.80","1.21K","4.70%"
"01/06/2023","75.55","76.00","77.33","75.00","0.43K","-0.91%"
"01/05/2023","76.24","75.35","77.43","74.85","0.84K","1.11%"
"01/04/2023","75.40","80.29","80.29","75.24","0.75K","-6.24%"
"01/03/2023","80.42","83.00","83.00","79.49","0.91K","-3.88%"
"01/02/2023","83.67","80.17","83.68","80.17","0.21K","5.38%"
"12/30/2022","79.40","82.00","82.80","78.23","1.80K","-3.59%"
"12/29/2022","82.36","83.85","83.85","81.87","0.47K","-2.10%"
"12/28/2022","84.13","86.02","86.02","83.85","0.90K","-2.27%"
"12/27/2022","86.08","85.92","88.50","85.55","0.30K","-0.89%"
"12/23/2022","86.85","87.46","88.05","86.08","0.33K","0.00%"
"12/22/2022","86.85","85.71","87.95","84.95","0.49K","1.46%"
"12/21/2022","85.60","86.22","86.22","84.25","1.74K","-1.46%"
"12/20/2022","86.87","84.60","88.02","83.85","0.73K","2.57%"
"12/19/2022","84.69","86.57","86.65","83.85","1.11K","1.21%"
"12/16/2022","83.68","85.24","86.33","83.07","14.70K","-1.78%"
"12/15/2022","85.20","86.19","87.64","85.00","19.65K","-1.15%"
"12/14/2022","86.19","88.44","89.40","84.76","24.19K","-3.15%"
"12/13/2022","88.99","90.15","90.15","87.16","21.22K","-0.91%"
"12/12/2022","89.81","87.50","90.41","87.40","17.50K","2.37%"
"12/09/2022","87.73","88.65","89.16","86.75","15.17K","-1.35%"
"12/08/2022","88.93","88.15","89.54","87.62","17.00K","0.84%"
"12/07/2022","88.19","88.29","88.67","86.13","20.68K","-0.47%"
"12/06/2022","88.61","87.13","89.48","86.00","19.77K","1.65%"
"12/05/2022","87.17","87.85","88.28","85.40","18.11K","-0.92%"
"12/02/2022","87.98","85.03","87.98","84.45","16.95K","3.65%"
"12/01/2022","84.88","84.63","88.69","83.91","22.09K","-0.02%"
"11/30/2022","84.90","81.12","85.25","80.81","26.55K","4.31%"
"11/29/2022","81.39","78.86","81.50","78.05","13.53K","3.56%"
"11/28/2022","78.59","78.92","79.00","76.92","17.25K","-0.48%"
"11/25/2022","78.97","78.71","79.76","78.10","11.48K","0.36%"
"11/24/2022","78.69","76.05","78.75","75.64","14.09K","3.72%"
"11/23/2022","75.87","74.07","76.88","73.61","14.45K","2.71%"
"11/22/2022","73.87","74.70","74.70","73.44","12.48K","-0.55%"
"11/21/2022","74.28","72.44","75.18","71.68","15.86K","2.50%"
"11/18/2022","72.47","72.38","73.99","71.95","19.32K","0.10%"
"11/17/2022","72.40","73.55","74.71","71.89","21.45K","-1.38%"
"11/16/2022","73.41","77.00","77.41","73.08","30.68K","-4.23%"
"11/15/2022","76.65","75.03","77.25","74.00","20.44K","1.89%"
"11/14/2022","75.23","75.69","76.00","74.59","20.13K","-0.80%"
"11/11/2022","75.84","73.33","76.54","73.05","20.33K","3.82%"
"11/10/2022","73.05","72.50","74.29","70.50","27.27K","0.40%"
"11/09/2022","72.76","76.06","76.94","72.55","37.96K","-4.34%"
"11/08/2022","76.06","77.75","77.79","75.55","22.83K","-1.85%"
"11/07/2022","77.49","76.36","78.20","75.54","17.48K","1.48%"
"11/04/2022","76.36","76.50","79.50","76.17","20.66K","0.10%"
"11/03/2022","76.28","76.63","78.20","75.36","26.29K","-0.55%"
"11/02/2022","76.70","77.16","78.57","76.08","13.91K","-0.03%"
"11/01/2022","76.72","79.78","80.69","75.69","20.00K","-4.06%"
"10/31/2022","79.97","81.77","82.00","78.15","13.80K","-1.53%"
"10/28/2022","81.21","80.27","82.58","80.01","18.87K","1.25%"
"10/27/2022","80.21","75.26","81.00","74.90","26.46K","5.83%"
"10/26/2022","75.79","77.25","78.87","74.90","22.98K","-1.71%"
"10/25/2022","77.11","72.41","77.80","71.99","31.49K","6.62%"
"10/24/2022","72.32","69.00","72.66","67.64","23.32K","5.24%"
"10/21/2022","68.72","66.71","69.42","66.66","12.84K","2.77%"
"10/20/2022","66.87","67.23","67.88","66.54","18.01K","-0.62%"
"10/19/2022","67.29","67.25","69.69","66.99","19.13K","-0.71%"
"10/18/2022","67.77","67.29","68.39","66.51","18.00K","0.39%"
"10/17/2022","67.51","68.01","68.63","66.26","16.57K","-0.75%"
"10/14/2022","68.02","68.72","69.00","67.12","13.34K","-1.19%"
"10/13/2022","68.84","66.37","69.50","65.75","26.08K","3.19%"
"10/12/2022","66.71","66.40","68.64","65.01","21.02K","0.56%"
"10/11/2022","66.34","66.90","67.40","65.65","16.72K","-0.64%"
"10/10/2022","66.77","68.98","69.40","65.71","17.06K","-4.41%"
"10/07/2022","69.85","69.20","70.39","67.63","15.42K","1.29%"
"10/06/2022","68.96","66.89","69.49","65.50","15.70K","2.82%"
"10/05/2022","67.07","67.72","71.36","66.54","19.79K","0.22%"
"10/04/2022","66.92","66.62","68.35","65.40","19.88K","1.49%"
"10/03/2022","65.94","66.55","66.73","64.25","14.31K","-1.18%"
"09/30/2022","66.73","64.86","68.66","64.86","16.14K","1.52%"
"09/29/2022","65.73","65.53","66.86","64.14","19.93K","0.89%"
"09/28/2022","65.15","67.80","68.27","64.37","24.12K","-4.13%"
"09/27/2022","67.96","70.33","71.10","67.37","16.53K","-3.37%"
"09/26/2022","70.33","65.15","71.95","64.10","20.57K","6.93%"
"09/23/2022","65.77","70.01","70.30","65.35","22.61K","-6.63%"
"09/22/2022","70.44","69.90","71.12","69.01","12.49K","0.93%"
"09/21/2022","69.79","71.79","71.79","69.10","16.73K","-1.90%"
"09/20/2022","71.14","70.55","73.00","70.26","14.61K","0.06%"
"09/19/2022","71.10","73.32","73.80","70.15","18.64K","-2.96%"
"09/16/2022","73.27","71.85","73.93","71.11","15.44K","1.98%"
"09/15/2022","71.85","72.38","72.55","70.00","27.11K","-0.95%"
"09/14/2022","72.54","70.49","73.80","68.41","21.27K","4.00%"
"09/13/2022","69.75","71.99","72.44","68.01","24.20K","-2.88%"
"09/12/2022","71.82","65.99","72.62","65.73","22.24K","8.69%"
"09/09/2022","66.08","67.05","67.95","65.55","19.89K","-1.73%"
"09/08/2022","67.24","69.31","69.31","66.00","24.73K","-2.59%"
"09/07/2022","69.03","69.51","71.11","68.00","28.87K","-1.22%"
"09/06/2022","69.88","74.00","74.71","69.20","36.85K","-6.14%"
"09/05/2022","74.45","77.49","77.49","73.70","29.61K","-4.42%"
"09/02/2022","77.89","80.75","81.22","77.45","19.11K","-3.59%"
"09/01/2022","80.79","80.41","81.35","77.45","28.26K","0.95%"
"08/31/2022","80.03","81.06","81.61","79.00","22.95K","-0.97%"
"08/30/2022","80.81","86.28","86.89","79.92","30.59K","-6.75%"
"08/29/2022","86.66","90.50","90.50","85.69","13.82K","-4.04%"
"08/26/2022","90.31","89.04","90.49","88.06","12.41K","1.12%"
"08/25/2022","89.31","89.20","90.66","87.20","15.31K","0.08%"
"08/24/2022","89.24","90.00","91.39","88.37","16.69K","-0.06%"
"08/23/2022","89.29","92.51","94.19","88.85","20.11K","-3.12%"
"08/22/2022","92.17","98.50","98.69","90.85","20.61K","-5.96%"
"08/19/2022","98.01","96.30","99.22","95.60","14.81K","2.05%"
"08/18/2022","96.04","96.25","97.49","92.70","19.87K","0.25%"
"08/17/2022","95.80","92.35","96.44","92.23","18.64K","4.04%"
"08/16/2022","92.08","90.07","92.66","90.07","18.19K","1.43%"
"08/15/2022","90.78","89.35","90.87","88.50","14.70K","2.15%"
"08/12/2022","88.87","86.90","89.25","86.82","16.55K","1.51%"
"08/11/2022","87.55","85.98","88.03","85.35","15.57K","1.90%"
"08/10/2022","85.92","85.50","86.30","84.25","14.48K","-0.01%"
"08/09/2022","85.93","84.18","86.08","83.95","12.99K","2.53%"
"08/08/2022","83.81","85.00","85.50","83.65","12.98K","-1.12%"
"08/05/2022","84.76","84.31","85.45","83.50","12.35K","0.68%"
"08/04/2022","84.19","83.60","84.85","83.28","17.59K","0.24%"
"08/03/2022","83.99","81.83","84.10","81.65","14.09K","2.49%"
"08/02/2022","81.95","80.15","82.25","79.64","19.58K","1.70%"
"08/01/2022","80.58","78.50","80.87","78.10","11.87K","2.58%"
"07/29/2022","78.55","78.96","79.50","77.54","18.60K","-0.52%"
"07/28/2022","78.96","76.25","80.12","76.07","16.57K","3.70%"
"07/27/2022","76.14","76.61","77.79","75.78","14.50K","-0.70%"
"07/26/2022","76.68","76.69","77.50","75.85","19.52K","0.41%"
"07/25/2022","76.37","76.12","78.42","75.49","22.15K","0.09%"
"07/22/2022","76.30","78.20","79.80","76.00","28.56K","-2.32%"
"07/21/2022","78.11","79.20","79.80","77.65","31.89K","-0.93%"
"07/20/2022","78.84","83.60","83.64","78.70","38.18K","-5.75%"
"07/19/2022","83.65","85.20","85.20","82.80","20.97K","-1.52%"
"07/18/2022","84.94","85.50","85.50","83.70","12.22K","-0.52%"
"07/15/2022","85.38","83.53","85.74","83.51","14.30K","1.68%"
"07/14/2022","83.97","84.10","84.79","83.26","14.52K","0.13%"
"07/13/2022","83.86","86.01","86.57","83.56","14.30K","-2.09%"
"07/12/2022","85.65","84.60","86.06","83.33","16.96K","1.53%"
"07/11/2022","84.36","82.77","84.62","82.70","11.90K","1.90%"
"07/08/2022","82.79","84.92","85.00","82.60","13.96K","-2.51%"
"07/07/2022","84.92","83.50","85.46","82.76","15.02K","2.04%"
"07/06/2022","83.22","82.98","84.64","82.70","13.94K","0.04%"
"07/05/2022","83.19","84.99","84.99","82.52","14.86K","-1.61%"
"07/04/2022","84.55","85.58","87.17","83.50","14.14K","-1.20%"
"07/01/2022","85.58","89.32","90.35","85.01","18.40K","-5.08%"
"06/30/2022","90.16","88.10","90.33","87.30","18.40K","2.05%"
"06/29/2022","88.35","87.42","90.13","87.11","20.93K","1.09%"
"06/28/2022","87.40","84.32","88.06","83.75","15.77K","2.76%"
"06/27/2022","85.05","84.00","85.74","83.00","15.67K","1.94%"
"06/24/2022","83.43","84.28","84.50","83.01","14.64K","-0.83%"
"06/23/2022","84.13","81.75","84.25","81.55","16.81K","2.75%"
"06/22/2022","81.88","84.50","84.83","81.20","21.27K","-3.36%"
"06/21/2022","84.73","84.33","85.43","83.54","14.00K","0.87%"
"06/20/2022","84.00","83.50","85.33","82.90","14.28K","1.98%"
"06/17/2022","82.37","82.90","84.18","81.80","14.47K","-0.76%"
"06/16/2022","83.00","86.20","86.90","82.15","17.93K","-3.71%"
"06/15/2022","86.20","83.76","86.98","83.16","18.14K","2.44%"
"06/14/2022","84.15","81.82","84.50","81.25","16.34K","3.20%"
"06/13/2022","81.54","82.10","82.24","79.81","16.78K","-0.39%"
"06/10/2022","81.86","81.09","82.80","80.15","14.89K","1.05%"
"06/09/2022","81.01","80.25","82.20","79.41","19.64K","1.50%"
"06/08/2022","79.81","80.92","81.98","79.10","27.95K","-1.84%"
"06/07/2022","81.31","82.25","82.93","80.63","18.47K","-0.15%"
"06/06/2022","81.43","87.21","87.21","81.23","16.41K","-6.26%"
"06/03/2022","86.87","86.34","87.33","85.99","4.57K","0.61%"
"06/02/2022","86.34","86.15","88.64","85.62","8.33K","0.30%"
"06/01/2022","86.08","84.22","87.64","83.81","13.34K","2.45%"
"05/31/2022","84.02","84.00","85.00","83.50","12.54K","0.06%"
"05/30/2022","83.97","84.36","85.05","83.09","11.27K","-0.27%"
"05/27/2022","84.20","84.87","85.33","83.45","12.45K","-0.66%"
"05/26/2022","84.76","81.15","85.21","81.11","23.61K","4.13%"
"05/25/2022","81.40","80.84","82.63","80.29","13.83K","0.10%"
"05/24/2022","81.32","78.12","82.66","77.38","19.83K","4.06%"
"05/23/2022","78.15","80.16","82.67","77.80","19.45K","-2.79%"
"05/20/2022","80.39","83.50","84.20","80.16","19.00K","-3.35%"
"05/19/2022","83.18","84.57","85.55","80.16","28.70K","-1.72%"
"05/18/2022","84.64","88.92","90.00","82.77","32.16K","-7.72%"
"05/17/2022","91.72","90.40","92.75","89.61","19.89K","2.41%"
"05/16/2022","89.56","87.70","90.35","87.63","14.99K","1.22%"
"05/13/2022","88.48","88.07","90.50","87.60","13.90K","0.25%"
"05/12/2022","88.26","88.58","89.05","86.71","22.74K","-0.64%"
"05/11/2022","88.83","87.51","90.04","81.90","30.32K","1.71%"
"05/10/2022","87.34","87.00","88.69","85.75","20.37K","0.37%"
"05/09/2022","87.02","91.37","92.22","86.52","29.90K","-4.94%"
"05/06/2022","91.54","89.27","92.45","88.40","23.56K","2.96%"
"05/05/2022","88.91","88.70","91.99","86.82","27.93K","0.68%"
"05/04/2022","88.31","88.15","89.32","85.97","24.45K","0.14%"
"05/03/2022","88.19","83.30","89.06","82.72","23.53K","6.20%"
"05/02/2022","83.04","83.59","84.90","82.44","10.84K","-1.67%"
"04/29/2022","84.45","82.97","85.84","82.29","16.07K","2.14%"
"04/28/2022","82.68","81.48","83.67","79.90","20.23K","2.06%"
"04/27/2022","81.01","81.25","81.94","78.80","22.30K","-2.06%"
"04/26/2022","82.71","84.58","85.25","81.95","22.85K","-0.90%"
"04/25/2022","83.46","88.09","88.32","82.30","24.04K","-6.21%"
"04/22/2022","88.99","85.99","89.89","85.75","22.33K","2.95%"
"04/21/2022","86.44","86.50","87.69","85.58","14.75K","-1.57%"
"04/20/2022","87.82","80.44","88.50","79.79","30.56K","9.50%"
"04/19/2022","80.20","80.14","80.95","79.52","18.38K","0.29%"
"04/14/2022","79.97","77.38","80.25","77.38","15.28K","3.27%"
"04/13/2022","77.44","79.17","79.17","77.23","15.19K","-1.99%"
"04/12/2022","79.01","77.65","79.29","76.85","16.03K","1.36%"
"04/11/2022","77.95","79.75","80.16","77.55","16.22K","-2.67%"
"04/08/2022","80.09","79.63","80.98","79.51","13.93K","0.19%"
"04/07/2022","79.94","77.17","80.40","76.34","19.50K","3.58%"
"04/06/2022","77.18","78.01","79.56","76.71","19.74K","-1.11%"
"04/05/2022","78.05","78.76","78.94","77.44","17.90K","-0.57%"
"04/04/2022","78.50","78.22","79.40","77.14","15.61K","0.01%"
"04/01/2022","78.49","77.00","79.88","76.34","16.91K","2.63%"
"03/31/2022","76.48","78.51","80.50","75.35","35.66K","-2.34%"
"03/30/2022","78.31","81.05","81.62","76.80","37.77K","-4.15%"
"03/29/2022","81.70","80.90","81.99","80.17","25.58K","1.10%"
"03/28/2022","80.81","78.70","81.99","77.87","22.02K","2.81%"
"03/25/2022","78.60","78.26","79.06","77.23","18.50K","0.46%"
"03/24/2022","78.24","76.62","79.24","75.90","16.43K","2.14%"
"03/23/2022","76.60","80.90","81.30","75.85","30.57K","-5.05%"
"03/22/2022","80.67","79.05","81.40","78.61","18.47K","2.91%"
"03/21/2022","78.39","78.72","79.74","77.52","13.94K","-0.63%"
"03/18/2022","78.89","80.00","80.00","78.32","19.04K","-1.25%"
"03/17/2022","79.89","79.18","80.19","76.32","23.82K","2.21%"
"03/16/2022","78.16","77.51","79.11","75.25","22.57K","0.94%"
"03/15/2022","77.43","77.00","79.15","75.01","24.73K","-1.09%"
"03/14/2022","78.28","76.00","81.50","75.81","19.37K","1.98%"
"03/11/2022","76.76","75.93","78.00","73.71","22.27K","0.46%"
"03/10/2022","76.41","72.53","76.68","69.52","32.70K","4.41%"
"03/09/2022","73.18","68.02","74.67","67.22","36.12K","6.82%"
"03/08/2022","68.51","57.40","69.29","56.50","38.50K","17.51%"
"03/07/2022","58.30","64.29","64.29","56.82","47.75K","-10.45%"
"03/04/2022","65.10","66.00","68.74","64.30","35.93K","-3.34%"
"03/03/2022","67.35","68.70","69.49","63.49","40.64K","-1.66%"
"03/02/2022","68.49","70.55","70.96","55.00","78.46K","-0.52%"
"03/01/2022","68.85","82.60","84.43","66.00","78.66K","-16.25%"
"02/28/2022","82.21","85.94","86.00","80.12","36.02K","-6.73%"
"02/25/2022","88.14","88.24","89.70","87.06","20.87K","1.28%"
"02/24/2022","87.03","95.00","95.00","86.15","49.74K","-8.46%"
"02/23/2022","95.07","89.79","95.56","89.54","30.15K","5.90%"
"02/22/2022","89.77","89.90","90.28","88.10","22.31K","0.10%"
"02/21/2022","89.68","89.07","90.95","88.02","19.95K","0.23%"
"02/18/2022","89.47","86.16","89.66","86.16","21.37K","3.51%"
"02/17/2022","86.44","89.84","90.45","85.80","31.59K","-3.81%"
"02/16/2022","89.86","90.29","91.21","87.77","31.05K","-1.40%"
"02/15/2022","91.14","91.48","92.75","90.31","26.15K","-0.68%"
"02/14/2022","91.76","93.70","94.00","89.90","23.37K","-1.20%"
"02/11/2022","92.87","90.50","93.38","88.50","24.98K","2.30%"
"02/10/2022","90.78","91.45","93.42","89.25","28.87K","-0.01%"
"02/09/2022","90.79","96.29","97.60","90.26","35.63K","-6.33%"
"02/08/2022","96.93","97.00","98.49","95.25","30.32K","0.24%"
"02/07/2022","96.70","96.62","96.80","93.70","24.30K","0.26%"
"02/04/2022","96.45","94.89","97.50","94.44","27.89K","1.73%"
"02/03/2022","94.81","94.25","94.94","93.10","22.09K","0.64%"
"02/02/2022","94.21","90.00","94.62","89.60","40.36K","5.24%"
"02/01/2022","89.52","89.74","89.94","87.16","22.35K","0.31%"
"01/31/2022","89.24","89.37","89.95","88.10","17.72K","0.02%"
"01/28/2022","89.22","89.40","90.63","88.88","19.66K","-0.60%"
"01/27/2022","89.76","87.90","89.95","87.90","21.72K","1.24%"
"01/26/2022","88.66","87.37","90.00","86.63","28.00K","1.38%"
"01/25/2022","87.45","84.30","88.10","83.61","28.18K","4.08%"
"01/24/2022","84.02","84.40","86.45","83.02","26.65K","-0.53%"
"01/21/2022","84.47","85.21","85.65","83.28","20.16K","-1.31%"
"01/20/2022","85.59","81.34","85.97","80.53","31.23K","4.26%"
"01/19/2022","82.09","82.80","82.80","80.80","31.78K","-0.70%"
"01/18/2022","82.67","80.40","82.97","79.00","46.23K","2.59%"
"01/17/2022","80.58","82.70","82.75","79.88","15.80K","-1.83%"
"01/14/2022","82.08","82.05","83.75","81.50","24.95K","1.89%"
"01/13/2022","80.56","80.20","81.43","77.55","25.06K","0.69%"
"01/12/2022","80.01","82.70","83.24","79.15","20.17K","-1.59%"
"01/11/2022","81.30","81.40","84.45","80.12","23.49K","1.51%"
"01/10/2022","80.09","86.12","87.00","79.80","30.95K","-6.24%"
"01/07/2022","85.42","86.80","87.61","85.21","15.83K","-1.52%"
"01/06/2022","86.74","87.47","87.80","85.33","13.39K","-0.96%"
"01/05/2022","87.58","85.90","88.55","85.27","20.64K","3.14%"
"01/04/2022","84.91","83.95","86.80","83.81","17.53K","1.07%"
"01/03/2022","84.01","79.80","84.40","79.80","9.98K","4.17%"